Workbook

Sheet Tổng hợp
A1: TỔNG HỢP BẢNG GIÁ – ĐỒNG TÂM KHU VỰC 23
A2: Loại | B2: Qui cách (mm) | C2: Mã SAP | D2: Tên SP nhà máy | E2: Tên SP (Mã Sap) | F2: Tên báo giá App | G2: Men | H2: Giỏ hàng | I2: Loại giá | J2: Giá lẻ (đ/m²) | K2: Giá ĐL Nhận kho (đ/m²) | L2: Giá ĐL Đi giao (đ/m²) | M2: Giá Sale Nhận kho (đ/m²) | N2: Giá Sale Đi giao (đ/m²) | O2: % Margin Nhận kho | P2: % Margin Đi giao | Q2: Ghi chú | R2: Giá CT150 Nhận kho (đ/m²) | S2: Giá CT150 Đi giao (đ/m²) | T2: % Margin CT150 nhận kho | U2: Tên hóa đơn | V2: Công năng | W2: Màu | X2: Tính năng | Y2: Hoa văn | Z2: Khối lượng tổng | AA2: Đơn vị tính | AB2: Chiều dài | AC2: Chiều rộng | AD2: Chiều cao | AE2: Đơn vị kích thước | AF2: Nhóm vật tư mở rộng | AG2: Mô tả nhóm vật tư | AH2: Phân loại sản phẩm mới
A3: PORCELAIN | B3: 1000x1000 | C3: 10003644 | D3: 41100DB038 | E3: POR 1000x1000, 100DB038, AA | F3: 100DB038 | G3: DOUBLE_CHARGE | H3: 2. Chủ lực | I3: ĐL | J3: 715000 | K3: 572000 | L3: 593000 | O3: 0.2 | P3: 0.17062937 | R3: 543400 | S3: 593000 | T3: 0.24 | U3: =IFERROR(_xlfn.XLOOKUP($C3,'Thông tin về sản phẩm'!$A$2:$A$6228,'Thông tin về sản phẩm'!$F$2:$F$6228),"") -> GẠCH, POR 1000x1000, 100DB038, Loại AA (L1) | V3: =IFERROR(_xlfn.XLOOKUP($C3,'Thông tin về sản phẩm'!$A$2:$A$6228,'Thông tin về sản phẩm'!$S$2:$S$6228),"") -> ỐP_LÁT | W3: =IFERROR(_xlfn.XLOOKUP($C3,'Thông tin về sản phẩm'!$A$2:$A$6228,'Thông tin về sản phẩm'!$Y$2:$Y$6228),"") -> KEM | X3: =IFERROR(_xlfn.XLOOKUP($C3,'Thông tin về sản phẩm'!$A$2:$A$6228,'Thông tin về sản phẩm'!$AA$2:$AA$6228),"") -> ĐẶC_THÙ | Y3: =IFERROR(_xlfn.XLOOKUP($C3,'Thông tin về sản phẩm'!$A$2:$A$6228,'Thông tin về sản phẩm'!$AC$2:$AC$6228),"") -> VÂN_ĐÁ | Z3: =IFERROR(_xlfn.XLOOKUP($C3,'Thông tin về sản phẩm'!$A$2:$A$6228,'Thông tin về sản phẩm'!$AD$2:$AD$6228),"") -> 25.5 | AA3: =IFERROR(_xlfn.XLOOKUP($C3,'Thông tin về sản phẩm'!$A$2:$A$6228,'Thông tin về sản phẩm'!$I$2:$I$6228),"") -> VIE | AB3: =IFERROR(_xlfn.XLOOKUP($C3,'Thông tin về sản phẩm'!$A$2:$A$6228,'Thông tin về sản phẩm'!$AI$2:$AI$6228),"") -> 1000 | AC3: =IFERROR(_xlfn.XLOOKUP($C3,'Thông tin về sản phẩm'!$A$2:$A$6228,'Thông tin về sản phẩm'!$AJ$2:$AJ$6228),"") -> 1000 | AD3: =IFERROR(_xlfn.XLOOKUP($C3,'Thông tin về sản phẩm'!$A$2:$A$6228,'Thông tin về sản phẩm'!$AK$2:$AK$6228),"") -> 11.5 | AE3: =IFERROR(_xlfn.XLOOKUP($C3,'Thông tin về sản phẩm'!$A$2:$A$6228,'Thông tin về sản phẩm'!$AL$2:$AL$6228),"") -> MM | AF3: =IFERROR(_xlfn.XLOOKUP($C3,'Thông tin về sản phẩm'!$A$2:$A$6228,'Thông tin về sản phẩm'!$AM$2:$AM$6228),"") -> MV | AG3: =IFERROR(_xlfn.XLOOKUP($C3,'Thông tin về sản phẩm'!$A$2:$A$6228,'Thông tin về sản phẩm'!$AY$2:$AY$6228),"") -> Gạch POR Ốp_Lát | AH3: =IFERROR(_xlfn.XLOOKUP($C3,'Thông tin về sản phẩm'!$A$2:$A$6228,'Thông tin về sản phẩm'!$AZ$2:$AZ$6228),"") -> 2. Chủ lực
A4: PORCELAIN | B4: 1000x1000 | C4: 10005894 | D4: 41100DONGVAN001-FP-H+ | E4: POR 1000x1000, 100DONGVAN001-FP-H+, AA | F4: 100DONGVAN001-FP-H+ | G4: FP | H4: 2. Chủ lực | I4: ĐL | J4: 562000 | K4: 450000 | L4: 466000 | O4: 0.19928826 | P4: 0.17081851 | R4: 427500 | S4: 466000 | T4: 0.23932384 | U4: =IFERROR(_xlfn.XLOOKUP($C4,'Thông tin về sản phẩm'!$A$2:$A$6228,'Thông tin về sản phẩm'!$F$2:$F$6228),"") -> GẠCH, POR 1000x1000, 100DONGVAN001-FP-H+, Loại AA (L1) | V4: =IFERROR(_xlfn.XLOOKUP($C4,'Thông tin về sản phẩm'!$A$2:$A$6228,'Thông tin về sản phẩm'!$S$2:$S$6228),"") -> ỐP_LÁT | W4: =IFERROR(_xlfn.XLOOKUP($C4,'Thông tin về sản phẩm'!$A$2:$A$6228,'Thông tin về sản phẩm'!$Y$2:$Y$6228),"") -> XÁM | X4: =IFERROR(_xlfn.XLOOKUP($C4,'Thông tin về sản phẩm'!$A$2:$A$6228,'Thông tin về sản phẩm'!$AA$2:$AA$6228),"") -> KHÁNG_KHUẨN | Y4: =IFERROR(_xlfn.XLOOKUP($C4,'Thông tin về sản phẩm'!$A$2:$A$6228,'Thông tin về sản phẩm'!$AC$2:$AC$6228),"") -> VÂN_ĐÁ_MARBLE_CẨM_THẠCH | Z4: =IFERROR(_xlfn.XLOOKUP($C4,'Thông tin về sản phẩm'!$A$2:$A$6228,'Thông tin về sản phẩm'!$AD$2:$AD$6228),"") -> 25.5 | AA4: =IFERROR(_xlfn.XLOOKUP($C4,'Thông tin về sản phẩm'!$A$2:$A$6228,'Thông tin về sản phẩm'!$I$2:$I$6228),"") -> VIE | AB4: =IFERROR(_xlfn.XLOOKUP($C4,'Thông tin về sản phẩm'!$A$2:$A$6228,'Thông tin về sản phẩm'!$AI$2:$AI$6228),"") -> 1000 | AC4: =IFERROR(_xlfn.XLOOKUP($C4,'Thông tin về sản phẩm'!$A$2:$A$6228,'Thông tin về sản phẩm'!$AJ$2:$AJ$6228),"") -> 1000 | AD4: =IFERROR(_xlfn.XLOOKUP($C4,'Thông tin về sản phẩm'!$A$2:$A$6228,'Thông tin về sản phẩm'!$AK$2:$AK$6228),"") -> 11.5 | AE4: =IFERROR(_xlfn.XLOOKUP($C4,'Thông tin về sản phẩm'!$A$2:$A$6228,'Thông tin về sản phẩm'!$AL$2:$AL$6228),"") -> MM | AF4: =IFERROR(_xlfn.XLOOKUP($C4,'Thông tin về sản phẩm'!$A$2:$A$6228,'Thông tin về sản phẩm'!$AM$2:$AM$6228),"") -> MX | AG4: =IFERROR(_xlfn.XLOOKUP($C4,'Thông tin về sản phẩm'!$A$2:$A$6228,'Thông tin về sản phẩm'!$AY$2:$AY$6228),"") -> Gạch POR Ốp_Lát | AH4: =IFERROR(_xlfn.XLOOKUP($C4,'Thông tin về sản phẩm'!$A$2:$A$6228,'Thông tin về sản phẩm'!$AZ$2:$AZ$6228),"") -> 2. Chủ lực
A5: PORCELAIN | B5: 1000x1000 | C5: 10005896 | D5: 41100DONGVAN002-FP-H+ | E5: POR 1000x1000, 100DONGVAN002-FP-H+, AA | F5: 100DONGVAN002-FP-H+ | G5: FP | H5: 2. Chủ lực | I5: ĐL | J5: 562000 | K5: 450000 | L5: 466000 | O5: 0.19928826 | P5: 0.17081851 | R5: 427500 | S5: 466000 | T5: 0.23932384 | U5: =IFERROR(_xlfn.XLOOKUP($C5,'Thông tin về sản phẩm'!$A$2:$A$6228,'Thông tin về sản phẩm'!$F$2:$F$6228),"") -> GẠCH, POR 1000x1000, 100DONGVAN002-FP-H+, Loại AA (L1) | V5: =IFERROR(_xlfn.XLOOKUP($C5,'Thông tin về sản phẩm'!$A$2:$A$6228,'Thông tin về sản phẩm'!$S$2:$S$6228),"") -> ỐP_LÁT | W5: =IFERROR(_xlfn.XLOOKUP($C5,'Thông tin về sản phẩm'!$A$2:$A$6228,'Thông tin về sản phẩm'!$Y$2:$Y$6228),"") -> KEM | X5: =IFERROR(_xlfn.XLOOKUP($C5,'Thông tin về sản phẩm'!$A$2:$A$6228,'Thông tin về sản phẩm'!$AA$2:$AA$6228),"") -> KHÁNG_KHUẨN | Y5: =IFERROR(_xlfn.XLOOKUP($C5,'Thông tin về sản phẩm'!$A$2:$A$6228,'Thông tin về sản phẩm'!$AC$2:$AC$6228),"") -> VÂN_ĐÁ_MARBLE_CẨM_THẠCH | Z5: =IFERROR(_xlfn.XLOOKUP($C5,'Thông tin về sản phẩm'!$A$2:$A$6228,'Thông tin về sản phẩm'!$AD$2:$AD$6228),"") -> 25.5 | AA5: =IFERROR(_xlfn.XLOOKUP($C5,'Thông tin về sản phẩm'!$A$2:$A$6228,'Thông tin về sản phẩm'!$I$2:$I$6228),"") -> VIE | AB5: =IFERROR(_xlfn.XLOOKUP($C5,'Thông tin về sản phẩm'!$A$2:$A$6228,'Thông tin về sản phẩm'!$AI$2:$AI$6228),"") -> 1000 | AC5: =IFERROR(_xlfn.XLOOKUP($C5,'Thông tin về sản phẩm'!$A$2:$A$6228,'Thông tin về sản phẩm'!$AJ$2:$AJ$6228),"") -> 1000 | AD5: =IFERROR(_xlfn.XLOOKUP($C5,'Thông tin về sản phẩm'!$A$2:$A$6228,'Thông tin về sản phẩm'!$AK$2:$AK$6228),"") -> 11.5 | AE5: =IFERROR(_xlfn.XLOOKUP($C5,'Thông tin về sản phẩm'!$A$2:$A$6228,'Thông tin về sản phẩm'!$AL$2:$AL$6228),"") -> MM | AF5: =IFERROR(_xlfn.XLOOKUP($C5,'Thông tin về sản phẩm'!$A$2:$A$6228,'Thông tin về sản phẩm'!$AM$2:$AM$6228),"") -> MV | AG5: =IFERROR(_xlfn.XLOOKUP($C5,'Thông tin về sản phẩm'!$A$2:$A$6228,'Thông tin về sản phẩm'!$AY$2:$AY$6228),"") -> Gạch POR Ốp_Lát | AH5: =IFERROR(_xlfn.XLOOKUP($C5,'Thông tin về sản phẩm'!$A$2:$A$6228,'Thông tin về sản phẩm'!$AZ$2:$AZ$6228),"") -> 2. Chủ lực
A6: PORCELAIN | B6: 1000x1000 | C6: 10005897 | D6: 41100DONGVAN003-FP-H+ | E6: POR 1000x1000, 100DONGVAN003-FP-H+, AA | F6: 100DONGVAN003-FP-H+ | G6: FP | H6: 2. Chủ lực | I6: ĐL | J6: 562000 | K6: 450000 | L6: 466000 | O6: 0.19928826 | P6: 0.17081851 | R6: 427500 | S6: 466000 | T6: 0.23932384 | U6: =IFERROR(_xlfn.XLOOKUP($C6,'Thông tin về sản phẩm'!$A$2:$A$6228,'Thông tin về sản phẩm'!$F$2:$F$6228),"") -> GẠCH, POR 1000x1000, 100DONGVAN003-FP-H+, Loại AA (L1) | V6: =IFERROR(_xlfn.XLOOKUP($C6,'Thông tin về sản phẩm'!$A$2:$A$6228,'Thông tin về sản phẩm'!$S$2:$S$6228),"") -> ỐP_LÁT | W6: =IFERROR(_xlfn.XLOOKUP($C6,'Thông tin về sản phẩm'!$A$2:$A$6228,'Thông tin về sản phẩm'!$Y$2:$Y$6228),"") -> KEM | X6: =IFERROR(_xlfn.XLOOKUP($C6,'Thông tin về sản phẩm'!$A$2:$A$6228,'Thông tin về sản phẩm'!$AA$2:$AA$6228),"") -> KHÁNG_KHUẨN | Y6: =IFERROR(_xlfn.XLOOKUP($C6,'Thông tin về sản phẩm'!$A$2:$A$6228,'Thông tin về sản phẩm'!$AC$2:$AC$6228),"") -> VÂN_ĐÁ | Z6: =IFERROR(_xlfn.XLOOKUP($C6,'Thông tin về sản phẩm'!$A$2:$A$6228,'Thông tin về sản phẩm'!$AD$2:$AD$6228),"") -> 25.5 | AA6: =IFERROR(_xlfn.XLOOKUP($C6,'Thông tin về sản phẩm'!$A$2:$A$6228,'Thông tin về sản phẩm'!$I$2:$I$6228),"") -> VIE | AB6: =IFERROR(_xlfn.XLOOKUP($C6,'Thông tin về sản phẩm'!$A$2:$A$6228,'Thông tin về sản phẩm'!$AI$2:$AI$6228),"") -> 1000 | AC6: =IFERROR(_xlfn.XLOOKUP($C6,'Thông tin về sản phẩm'!$A$2:$A$6228,'Thông tin về sản phẩm'!$AJ$2:$AJ$6228),"") -> 1000 | AD6: =IFERROR(_xlfn.XLOOKUP($C6,'Thông tin về sản phẩm'!$A$2:$A$6228,'Thông tin về sản phẩm'!$AK$2:$AK$6228),"") -> 11.5 | AE6: =IFERROR(_xlfn.XLOOKUP($C6,'Thông tin về sản phẩm'!$A$2:$A$6228,'Thông tin về sản phẩm'!$AL$2:$AL$6228),"") -> MM | AF6: =IFERROR(_xlfn.XLOOKUP($C6,'Thông tin về sản phẩm'!$A$2:$A$6228,'Thông tin về sản phẩm'!$AM$2:$AM$6228),"") -> MV | AG6: =IFERROR(_xlfn.XLOOKUP($C6,'Thông tin về sản phẩm'!$A$2:$A$6228,'Thông tin về sản phẩm'!$AY$2:$AY$6228),"") -> Gạch POR Ốp_Lát | AH6: =IFERROR(_xlfn.XLOOKUP($C6,'Thông tin về sản phẩm'!$A$2:$A$6228,'Thông tin về sản phẩm'!$AZ$2:$AZ$6228),"") -> 2. Chủ lực
A7: PORCELAIN | B7: 1000x1000 | C7: 10005898 | D7: 41100DONGVAN008-FP-H+ | E7: POR 1000x1000, 100DONGVAN008-FP-H+, AA | F7: 100DONGVAN008-FP-H+ | G7: FP | H7: 2. Chủ lực | I7: ĐL | J7: 562000 | K7: 450000 | L7: 466000 | O7: 0.19928826 | P7: 0.17081851 | R7: 427500 | S7: 466000 | T7: 0.23932384 | U7: =IFERROR(_xlfn.XLOOKUP($C7,'Thông tin về sản phẩm'!$A$2:$A$6228,'Thông tin về sản phẩm'!$F$2:$F$6228),"") -> GẠCH, POR 1000x1000, 100DONGVAN008-FP-H+, Loại AA (L1) | V7: =IFERROR(_xlfn.XLOOKUP($C7,'Thông tin về sản phẩm'!$A$2:$A$6228,'Thông tin về sản phẩm'!$S$2:$S$6228),"") -> ỐP_LÁT | W7: =IFERROR(_xlfn.XLOOKUP($C7,'Thông tin về sản phẩm'!$A$2:$A$6228,'Thông tin về sản phẩm'!$Y$2:$Y$6228),"") -> KEM | X7: =IFERROR(_xlfn.XLOOKUP($C7,'Thông tin về sản phẩm'!$A$2:$A$6228,'Thông tin về sản phẩm'!$AA$2:$AA$6228),"") -> KHÁNG_KHUẨN | Y7: =IFERROR(_xlfn.XLOOKUP($C7,'Thông tin về sản phẩm'!$A$2:$A$6228,'Thông tin về sản phẩm'!$AC$2:$AC$6228),"") -> VÂN_ĐÁ_MARBLE_CẨM_THẠCH | Z7: =IFERROR(_xlfn.XLOOKUP($C7,'Thông tin về sản phẩm'!$A$2:$A$6228,'Thông tin về sản phẩm'!$AD$2:$AD$6228),"") -> 25.5 | AA7: =IFERROR(_xlfn.XLOOKUP($C7,'Thông tin về sản phẩm'!$A$2:$A$6228,'Thông tin về sản phẩm'!$I$2:$I$6228),"") -> VIE | AB7: =IFERROR(_xlfn.XLOOKUP($C7,'Thông tin về sản phẩm'!$A$2:$A$6228,'Thông tin về sản phẩm'!$AI$2:$AI$6228),"") -> 1000 | AC7: =IFERROR(_xlfn.XLOOKUP($C7,'Thông tin về sản phẩm'!$A$2:$A$6228,'Thông tin về sản phẩm'!$AJ$2:$AJ$6228),"") -> 1000 | AD7: =IFERROR(_xlfn.XLOOKUP($C7,'Thông tin về sản phẩm'!$A$2:$A$6228,'Thông tin về sản phẩm'!$AK$2:$AK$6228),"") -> 11.5 | AE7: =IFERROR(_xlfn.XLOOKUP($C7,'Thông tin về sản phẩm'!$A$2:$A$6228,'Thông tin về sản phẩm'!$AL$2:$AL$6228),"") -> MM | AF7: =IFERROR(_xlfn.XLOOKUP($C7,'Thông tin về sản phẩm'!$A$2:$A$6228,'Thông tin về sản phẩm'!$AM$2:$AM$6228),"") -> MV | AG7: =IFERROR(_xlfn.XLOOKUP($C7,'Thông tin về sản phẩm'!$A$2:$A$6228,'Thông tin về sản phẩm'!$AY$2:$AY$6228),"") -> Gạch POR Ốp_Lát | AH7: =IFERROR(_xlfn.XLOOKUP($C7,'Thông tin về sản phẩm'!$A$2:$A$6228,'Thông tin về sản phẩm'!$AZ$2:$AZ$6228),"") -> 2. Chủ lực
A8: PORCELAIN | B8: 1000x1000 | C8: 10003508 | D8: 41100MARMOL005 | E8: POR 1000x1000, 100MARMOL005, AA | F8: 100MARMOL005 | G8: DOUBLE_CHARGE | H8: 2. Chủ lực | I8: ĐL | J8: 715000 | K8: 572000 | L8: 593000 | O8: 0.2 | P8: 0.17062937 | R8: 543400 | S8: 593000 | T8: 0.24 | U8: =IFERROR(_xlfn.XLOOKUP($C8,'Thông tin về sản phẩm'!$A$2:$A$6228,'Thông tin về sản phẩm'!$F$2:$F$6228),"") -> GẠCH, POR 1000x1000, 100MARMOL005, Loại AA (L1) | V8: =IFERROR(_xlfn.XLOOKUP($C8,'Thông tin về sản phẩm'!$A$2:$A$6228,'Thông tin về sản phẩm'!$S$2:$S$6228),"") -> ỐP_LÁT | W8: =IFERROR(_xlfn.XLOOKUP($C8,'Thông tin về sản phẩm'!$A$2:$A$6228,'Thông tin về sản phẩm'!$Y$2:$Y$6228),"") -> KEM | X8: =IFERROR(_xlfn.XLOOKUP($C8,'Thông tin về sản phẩm'!$A$2:$A$6228,'Thông tin về sản phẩm'!$AA$2:$AA$6228),"") -> ĐẶC_THÙ | Y8: =IFERROR(_xlfn.XLOOKUP($C8,'Thông tin về sản phẩm'!$A$2:$A$6228,'Thông tin về sản phẩm'!$AC$2:$AC$6228),"") -> VÂN_ĐÁ | Z8: =IFERROR(_xlfn.XLOOKUP($C8,'Thông tin về sản phẩm'!$A$2:$A$6228,'Thông tin về sản phẩm'!$AD$2:$AD$6228),"") -> 25.5 | AA8: =IFERROR(_xlfn.XLOOKUP($C8,'Thông tin về sản phẩm'!$A$2:$A$6228,'Thông tin về sản phẩm'!$I$2:$I$6228),"") -> VIE | AB8: =IFERROR(_xlfn.XLOOKUP($C8,'Thông tin về sản phẩm'!$A$2:$A$6228,'Thông tin về sản phẩm'!$AI$2:$AI$6228),"") -> 1000 | AC8: =IFERROR(_xlfn.XLOOKUP($C8,'Thông tin về sản phẩm'!$A$2:$A$6228,'Thông tin về sản phẩm'!$AJ$2:$AJ$6228),"") -> 1000 | AD8: =IFERROR(_xlfn.XLOOKUP($C8,'Thông tin về sản phẩm'!$A$2:$A$6228,'Thông tin về sản phẩm'!$AK$2:$AK$6228),"") -> 11.5 | AE8: =IFERROR(_xlfn.XLOOKUP($C8,'Thông tin về sản phẩm'!$A$2:$A$6228,'Thông tin về sản phẩm'!$AL$2:$AL$6228),"") -> MM | AF8: =IFERROR(_xlfn.XLOOKUP($C8,'Thông tin về sản phẩm'!$A$2:$A$6228,'Thông tin về sản phẩm'!$AM$2:$AM$6228),"") -> MV | AG8: =IFERROR(_xlfn.XLOOKUP($C8,'Thông tin về sản phẩm'!$A$2:$A$6228,'Thông tin về sản phẩm'!$AY$2:$AY$6228),"") -> Gạch POR Ốp_Lát | AH8: =IFERROR(_xlfn.XLOOKUP($C8,'Thông tin về sản phẩm'!$A$2:$A$6228,'Thông tin về sản phẩm'!$AZ$2:$AZ$6228),"") -> 2. Chủ lực
A9: PORCELAIN | B9: 1000x1000 | C9: 10008308 | D9: 41100STONE001-FP-H+ | E9: POR 1000x1000, 100STONE001-FP-H+, AA | F9: 100STONE001-FP-H+ | G9: FP | H9: 1. Chiến lược | I9: ĐL | J9: 562000 | K9: 450000 | L9: 466000 | O9: 0.19928826 | P9: 0.17081851 | R9: 427500 | S9: 466000 | T9: 0.23932384 | U9: =IFERROR(_xlfn.XLOOKUP($C9,'Thông tin về sản phẩm'!$A$2:$A$6228,'Thông tin về sản phẩm'!$F$2:$F$6228),"") -> GẠCH, POR 1000x1000, 100STONE001-FP-H+, Loại AA (L1) | V9: =IFERROR(_xlfn.XLOOKUP($C9,'Thông tin về sản phẩm'!$A$2:$A$6228,'Thông tin về sản phẩm'!$S$2:$S$6228),"") -> ỐP_LÁT | W9: =IFERROR(_xlfn.XLOOKUP($C9,'Thông tin về sản phẩm'!$A$2:$A$6228,'Thông tin về sản phẩm'!$Y$2:$Y$6228),"") -> XÁM | X9: =IFERROR(_xlfn.XLOOKUP($C9,'Thông tin về sản phẩm'!$A$2:$A$6228,'Thông tin về sản phẩm'!$AA$2:$AA$6228),"") -> KHÁNG_KHUẨN | Y9: =IFERROR(_xlfn.XLOOKUP($C9,'Thông tin về sản phẩm'!$A$2:$A$6228,'Thông tin về sản phẩm'!$AC$2:$AC$6228),"") -> VÂN_ĐÁ_MARBLE_CẨM_THẠCH | Z9: =IFERROR(_xlfn.XLOOKUP($C9,'Thông tin về sản phẩm'!$A$2:$A$6228,'Thông tin về sản phẩm'!$AD$2:$AD$6228),"") -> 25.5 | AA9: =IFERROR(_xlfn.XLOOKUP($C9,'Thông tin về sản phẩm'!$A$2:$A$6228,'Thông tin về sản phẩm'!$I$2:$I$6228),"") -> VIE | AB9: =IFERROR(_xlfn.XLOOKUP($C9,'Thông tin về sản phẩm'!$A$2:$A$6228,'Thông tin về sản phẩm'!$AI$2:$AI$6228),"") -> 1000 | AC9: =IFERROR(_xlfn.XLOOKUP($C9,'Thông tin về sản phẩm'!$A$2:$A$6228,'Thông tin về sản phẩm'!$AJ$2:$AJ$6228),"") -> 1000 | AD9: =IFERROR(_xlfn.XLOOKUP($C9,'Thông tin về sản phẩm'!$A$2:$A$6228,'Thông tin về sản phẩm'!$AK$2:$AK$6228),"") -> 11.5 | AE9: =IFERROR(_xlfn.XLOOKUP($C9,'Thông tin về sản phẩm'!$A$2:$A$6228,'Thông tin về sản phẩm'!$AL$2:$AL$6228),"") -> MM | AF9: =IFERROR(_xlfn.XLOOKUP($C9,'Thông tin về sản phẩm'!$A$2:$A$6228,'Thông tin về sản phẩm'!$AM$2:$AM$6228),"") -> MM | AG9: =IFERROR(_xlfn.XLOOKUP($C9,'Thông tin về sản phẩm'!$A$2:$A$6228,'Thông tin về sản phẩm'!$AY$2:$AY$6228),"") -> Gạch POR Ốp_Lát | AH9: =IFERROR(_xlfn.XLOOKUP($C9,'Thông tin về sản phẩm'!$A$2:$A$6228,'Thông tin về sản phẩm'!$AZ$2:$AZ$6228),"") -> 1. Chiến lược
A10: PORCELAIN | B10: 1000x1000 | C10: 10007496 | D10: 41100MOMENT002-H+ | E10: POR 1000x1000, 100MOMENT002-H+, AA | F10: 100MOMENT002-H+ | G10: MỜ | H10: 1. Chiến lược | I10: ĐL | J10: 535000 | K10: 428000 | L10: 444000 | O10: 0.2 | P10: 0.17009346 | R10: 406600 | S10: 444000 | T10: 0.24 | U10: =IFERROR(_xlfn.XLOOKUP($C10,'Thông tin về sản phẩm'!$A$2:$A$6228,'Thông tin về sản phẩm'!$F$2:$F$6228),"") -> GẠCH, POR 1000x1000, 100MOMENT002-H+, Loại AA (L1) | V10: =IFERROR(_xlfn.XLOOKUP($C10,'Thông tin về sản phẩm'!$A$2:$A$6228,'Thông tin về sản phẩm'!$S$2:$S$6228),"") -> ỐP_LÁT | W10: =IFERROR(_xlfn.XLOOKUP($C10,'Thông tin về sản phẩm'!$A$2:$A$6228,'Thông tin về sản phẩm'!$Y$2:$Y$6228),"") -> XÁM | X10: =IFERROR(_xlfn.XLOOKUP($C10,'Thông tin về sản phẩm'!$A$2:$A$6228,'Thông tin về sản phẩm'!$AA$2:$AA$6228),"") -> KHÁNG_KHUẨN | Y10: =IFERROR(_xlfn.XLOOKUP($C10,'Thông tin về sản phẩm'!$A$2:$A$6228,'Thông tin về sản phẩm'!$AC$2:$AC$6228),"") -> VÂN_CÁT | Z10: =IFERROR(_xlfn.XLOOKUP($C10,'Thông tin về sản phẩm'!$A$2:$A$6228,'Thông tin về sản phẩm'!$AD$2:$AD$6228),"") -> 25.5 | AA10: =IFERROR(_xlfn.XLOOKUP($C10,'Thông tin về sản phẩm'!$A$2:$A$6228,'Thông tin về sản phẩm'!$I$2:$I$6228),"") -> VIE | AB10: =IFERROR(_xlfn.XLOOKUP($C10,'Thông tin về sản phẩm'!$A$2:$A$6228,'Thông tin về sản phẩm'!$AI$2:$AI$6228),"") -> 1000 | AC10: =IFERROR(_xlfn.XLOOKUP($C10,'Thông tin về sản phẩm'!$A$2:$A$6228,'Thông tin về sản phẩm'!$AJ$2:$AJ$6228),"") -> 1000 | AD10: =IFERROR(_xlfn.XLOOKUP($C10,'Thông tin về sản phẩm'!$A$2:$A$6228,'Thông tin về sản phẩm'!$AK$2:$AK$6228),"") -> 11.5 | AE10: =IFERROR(_xlfn.XLOOKUP($C10,'Thông tin về sản phẩm'!$A$2:$A$6228,'Thông tin về sản phẩm'!$AL$2:$AL$6228),"") -> MM | AF10: =IFERROR(_xlfn.XLOOKUP($C10,'Thông tin về sản phẩm'!$A$2:$A$6228,'Thông tin về sản phẩm'!$AM$2:$AM$6228),"") -> MM | AG10: =IFERROR(_xlfn.XLOOKUP($C10,'Thông tin về sản phẩm'!$A$2:$A$6228,'Thông tin về sản phẩm'!$AY$2:$AY$6228),"") -> Gạch POR Ốp_Lát | AH10: =IFERROR(_xlfn.XLOOKUP($C10,'Thông tin về sản phẩm'!$A$2:$A$6228,'Thông tin về sản phẩm'!$AZ$2:$AZ$6228),"") -> 1. Chiến lược
A11: PORCELAIN | B11: 1000x1000 | C11: 10007497 | D11: 41100MOMENT003-H+ | E11: POR 1000x1000, 100MOMENT003-H+, AA | F11: 100MOMENT003-H+ | G11: MỜ | H11: 1. Chiến lược | I11: ĐL | J11: 535000 | K11: 428000 | L11: 444000 | O11: 0.2 | P11: 0.17009346 | R11: 406600 | S11: 444000 | T11: 0.24 | U11: =IFERROR(_xlfn.XLOOKUP($C11,'Thông tin về sản phẩm'!$A$2:$A$6228,'Thông tin về sản phẩm'!$F$2:$F$6228),"") -> GẠCH, POR 1000x1000, 100MOMENT003-H+, Loại AA (L1) | V11: =IFERROR(_xlfn.XLOOKUP($C11,'Thông tin về sản phẩm'!$A$2:$A$6228,'Thông tin về sản phẩm'!$S$2:$S$6228),"") -> ỐP_LÁT | W11: =IFERROR(_xlfn.XLOOKUP($C11,'Thông tin về sản phẩm'!$A$2:$A$6228,'Thông tin về sản phẩm'!$Y$2:$Y$6228),"") -> NÂU_XÁM | X11: =IFERROR(_xlfn.XLOOKUP($C11,'Thông tin về sản phẩm'!$A$2:$A$6228,'Thông tin về sản phẩm'!$AA$2:$AA$6228),"") -> KHÁNG_KHUẨN | Y11: =IFERROR(_xlfn.XLOOKUP($C11,'Thông tin về sản phẩm'!$A$2:$A$6228,'Thông tin về sản phẩm'!$AC$2:$AC$6228),"") -> XI_MĂNG | Z11: =IFERROR(_xlfn.XLOOKUP($C11,'Thông tin về sản phẩm'!$A$2:$A$6228,'Thông tin về sản phẩm'!$AD$2:$AD$6228),"") -> 25.5 | AA11: =IFERROR(_xlfn.XLOOKUP($C11,'Thông tin về sản phẩm'!$A$2:$A$6228,'Thông tin về sản phẩm'!$I$2:$I$6228),"") -> VIE | AB11: =IFERROR(_xlfn.XLOOKUP($C11,'Thông tin về sản phẩm'!$A$2:$A$6228,'Thông tin về sản phẩm'!$AI$2:$AI$6228),"") -> 1000 | AC11: =IFERROR(_xlfn.XLOOKUP($C11,'Thông tin về sản phẩm'!$A$2:$A$6228,'Thông tin về sản phẩm'!$AJ$2:$AJ$6228),"") -> 1000 | AD11: =IFERROR(_xlfn.XLOOKUP($C11,'Thông tin về sản phẩm'!$A$2:$A$6228,'Thông tin về sản phẩm'!$AK$2:$AK$6228),"") -> 11.5 | AE11: =IFERROR(_xlfn.XLOOKUP($C11,'Thông tin về sản phẩm'!$A$2:$A$6228,'Thông tin về sản phẩm'!$AL$2:$AL$6228),"") -> MM | AF11: =IFERROR(_xlfn.XLOOKUP($C11,'Thông tin về sản phẩm'!$A$2:$A$6228,'Thông tin về sản phẩm'!$AM$2:$AM$6228),"") -> MM | AG11: =IFERROR(_xlfn.XLOOKUP($C11,'Thông tin về sản phẩm'!$A$2:$A$6228,'Thông tin về sản phẩm'!$AY$2:$AY$6228),"") -> Gạch POR Ốp_Lát | AH11: =IFERROR(_xlfn.XLOOKUP($C11,'Thông tin về sản phẩm'!$A$2:$A$6228,'Thông tin về sản phẩm'!$AZ$2:$AZ$6228),"") -> 1. Chiến lược
A12: PORCELAIN | B12: 1000x1000 | C12: 10007498 | D12: 41100MOMENT004-H+ | E12: POR 1000x1000, 100MOMENT004-H+, AA | F12: 100MOMENT004-H+ | G12: MỜ | H12: 1. Chiến lược | I12: ĐL | J12: 589000 | K12: 471000 | L12: 489000 | O12: 0.20033956 | P12: 0.16977929 | R12: 447450 | S12: 489000 | T12: 0.24032258 | U12: =IFERROR(_xlfn.XLOOKUP($C12,'Thông tin về sản phẩm'!$A$2:$A$6228,'Thông tin về sản phẩm'!$F$2:$F$6228),"") -> GẠCH, POR 1000x1000, 100MOMENT004-H+, Loại AA (L1) | V12: =IFERROR(_xlfn.XLOOKUP($C12,'Thông tin về sản phẩm'!$A$2:$A$6228,'Thông tin về sản phẩm'!$S$2:$S$6228),"") -> ỐP_LÁT | W12: =IFERROR(_xlfn.XLOOKUP($C12,'Thông tin về sản phẩm'!$A$2:$A$6228,'Thông tin về sản phẩm'!$Y$2:$Y$6228),"") -> XÁM | X12: =IFERROR(_xlfn.XLOOKUP($C12,'Thông tin về sản phẩm'!$A$2:$A$6228,'Thông tin về sản phẩm'!$AA$2:$AA$6228),"") -> KHÁNG_KHUẨN | Y12: =IFERROR(_xlfn.XLOOKUP($C12,'Thông tin về sản phẩm'!$A$2:$A$6228,'Thông tin về sản phẩm'!$AC$2:$AC$6228),"") -> XI_MĂNG | Z12: =IFERROR(_xlfn.XLOOKUP($C12,'Thông tin về sản phẩm'!$A$2:$A$6228,'Thông tin về sản phẩm'!$AD$2:$AD$6228),"") -> 25.5 | AA12: =IFERROR(_xlfn.XLOOKUP($C12,'Thông tin về sản phẩm'!$A$2:$A$6228,'Thông tin về sản phẩm'!$I$2:$I$6228),"") -> VIE | AB12: =IFERROR(_xlfn.XLOOKUP($C12,'Thông tin về sản phẩm'!$A$2:$A$6228,'Thông tin về sản phẩm'!$AI$2:$AI$6228),"") -> 1000 | AC12: =IFERROR(_xlfn.XLOOKUP($C12,'Thông tin về sản phẩm'!$A$2:$A$6228,'Thông tin về sản phẩm'!$AJ$2:$AJ$6228),"") -> 1000 | AD12: =IFERROR(_xlfn.XLOOKUP($C12,'Thông tin về sản phẩm'!$A$2:$A$6228,'Thông tin về sản phẩm'!$AK$2:$AK$6228),"") -> 11.5 | AE12: =IFERROR(_xlfn.XLOOKUP($C12,'Thông tin về sản phẩm'!$A$2:$A$6228,'Thông tin về sản phẩm'!$AL$2:$AL$6228),"") -> MM | AF12: =IFERROR(_xlfn.XLOOKUP($C12,'Thông tin về sản phẩm'!$A$2:$A$6228,'Thông tin về sản phẩm'!$AM$2:$AM$6228),"") -> MM | AG12: =IFERROR(_xlfn.XLOOKUP($C12,'Thông tin về sản phẩm'!$A$2:$A$6228,'Thông tin về sản phẩm'!$AY$2:$AY$6228),"") -> Gạch POR Ốp_Lát | AH12: =IFERROR(_xlfn.XLOOKUP($C12,'Thông tin về sản phẩm'!$A$2:$A$6228,'Thông tin về sản phẩm'!$AZ$2:$AZ$6228),"") -> 1. Chiến lược
A13: PORCELAIN | B13: 1000x1000 | C13: 10007499 | D13: 41100MOMENT001-H+ | E13: POR 1000x1000, 100MOMENT001-H+, AA | F13: 100MOMENT001-H+ | G13: MỜ | H13: 1. Chiến lược | I13: ĐL | J13: 535000 | K13: 428000 | L13: 444000 | O13: 0.2 | P13: 0.17009346 | R13: 406600 | S13: 444000 | T13: 0.24 | U13: =IFERROR(_xlfn.XLOOKUP($C13,'Thông tin về sản phẩm'!$A$2:$A$6228,'Thông tin về sản phẩm'!$F$2:$F$6228),"") -> GẠCH, POR 1000x1000, 100MOMENT001-H+, Loại AA (L1) | V13: =IFERROR(_xlfn.XLOOKUP($C13,'Thông tin về sản phẩm'!$A$2:$A$6228,'Thông tin về sản phẩm'!$S$2:$S$6228),"") -> ỐP_LÁT | W13: =IFERROR(_xlfn.XLOOKUP($C13,'Thông tin về sản phẩm'!$A$2:$A$6228,'Thông tin về sản phẩm'!$Y$2:$Y$6228),"") -> TRẮNG | X13: =IFERROR(_xlfn.XLOOKUP($C13,'Thông tin về sản phẩm'!$A$2:$A$6228,'Thông tin về sản phẩm'!$AA$2:$AA$6228),"") -> KHÁNG_KHUẨN | Y13: =IFERROR(_xlfn.XLOOKUP($C13,'Thông tin về sản phẩm'!$A$2:$A$6228,'Thông tin về sản phẩm'!$AC$2:$AC$6228),"") -> VÂN_ĐÁ_MARBLE_CẨM_THẠCH | Z13: =IFERROR(_xlfn.XLOOKUP($C13,'Thông tin về sản phẩm'!$A$2:$A$6228,'Thông tin về sản phẩm'!$AD$2:$AD$6228),"") -> 25.5 | AA13: =IFERROR(_xlfn.XLOOKUP($C13,'Thông tin về sản phẩm'!$A$2:$A$6228,'Thông tin về sản phẩm'!$I$2:$I$6228),"") -> VIE | AB13: =IFERROR(_xlfn.XLOOKUP($C13,'Thông tin về sản phẩm'!$A$2:$A$6228,'Thông tin về sản phẩm'!$AI$2:$AI$6228),"") -> 1000 | AC13: =IFERROR(_xlfn.XLOOKUP($C13,'Thông tin về sản phẩm'!$A$2:$A$6228,'Thông tin về sản phẩm'!$AJ$2:$AJ$6228),"") -> 1000 | AD13: =IFERROR(_xlfn.XLOOKUP($C13,'Thông tin về sản phẩm'!$A$2:$A$6228,'Thông tin về sản phẩm'!$AK$2:$AK$6228),"") -> 11.5 | AE13: =IFERROR(_xlfn.XLOOKUP($C13,'Thông tin về sản phẩm'!$A$2:$A$6228,'Thông tin về sản phẩm'!$AL$2:$AL$6228),"") -> MM | AF13: =IFERROR(_xlfn.XLOOKUP($C13,'Thông tin về sản phẩm'!$A$2:$A$6228,'Thông tin về sản phẩm'!$AM$2:$AM$6228),"") -> MM | AG13: =IFERROR(_xlfn.XLOOKUP($C13,'Thông tin về sản phẩm'!$A$2:$A$6228,'Thông tin về sản phẩm'!$AY$2:$AY$6228),"") -> Gạch POR Ốp_Lát | AH13: =IFERROR(_xlfn.XLOOKUP($C13,'Thông tin về sản phẩm'!$A$2:$A$6228,'Thông tin về sản phẩm'!$AZ$2:$AZ$6228),"") -> 1. Chiến lược
A14: PORCELAIN | B14: 1000x1000 | C14: 10007500 | D14: 41100CARARAS002-FP-H+ | E14: POR 1000x1000, 100CARARAS002-FP-H+, AA | F14: 100CARARAS002-FP-H+ | G14: FP | H14: 1. Chiến lược | I14: ĐL | J14: 562000 | K14: 450000 | L14: 466000 | O14: 0.19928826 | P14: 0.17081851 | R14: 427500 | S14: 466000 | T14: 0.23932384 | U14: =IFERROR(_xlfn.XLOOKUP($C14,'Thông tin về sản phẩm'!$A$2:$A$6228,'Thông tin về sản phẩm'!$F$2:$F$6228),"") -> GẠCH, POR 1000x1000, 100CARARAS002-FP-H+, Loại AA (L1) | V14: =IFERROR(_xlfn.XLOOKUP($C14,'Thông tin về sản phẩm'!$A$2:$A$6228,'Thông tin về sản phẩm'!$S$2:$S$6228),"") -> ỐP_LÁT | W14: =IFERROR(_xlfn.XLOOKUP($C14,'Thông tin về sản phẩm'!$A$2:$A$6228,'Thông tin về sản phẩm'!$Y$2:$Y$6228),"") -> TRẮNG | X14: =IFERROR(_xlfn.XLOOKUP($C14,'Thông tin về sản phẩm'!$A$2:$A$6228,'Thông tin về sản phẩm'!$AA$2:$AA$6228),"") -> KHÁNG_KHUẨN | Y14: =IFERROR(_xlfn.XLOOKUP($C14,'Thông tin về sản phẩm'!$A$2:$A$6228,'Thông tin về sản phẩm'!$AC$2:$AC$6228),"") -> VÂN_ĐÁ_CARARAS | Z14: =IFERROR(_xlfn.XLOOKUP($C14,'Thông tin về sản phẩm'!$A$2:$A$6228,'Thông tin về sản phẩm'!$AD$2:$AD$6228),"") -> 25.5 | AA14: =IFERROR(_xlfn.XLOOKUP($C14,'Thông tin về sản phẩm'!$A$2:$A$6228,'Thông tin về sản phẩm'!$I$2:$I$6228),"") -> VIE | AB14: =IFERROR(_xlfn.XLOOKUP($C14,'Thông tin về sản phẩm'!$A$2:$A$6228,'Thông tin về sản phẩm'!$AI$2:$AI$6228),"") -> 1000 | AC14: =IFERROR(_xlfn.XLOOKUP($C14,'Thông tin về sản phẩm'!$A$2:$A$6228,'Thông tin về sản phẩm'!$AJ$2:$AJ$6228),"") -> 1000 | AD14: =IFERROR(_xlfn.XLOOKUP($C14,'Thông tin về sản phẩm'!$A$2:$A$6228,'Thông tin về sản phẩm'!$AK$2:$AK$6228),"") -> 11.5 | AE14: =IFERROR(_xlfn.XLOOKUP($C14,'Thông tin về sản phẩm'!$A$2:$A$6228,'Thông tin về sản phẩm'!$AL$2:$AL$6228),"") -> MM | AF14: =IFERROR(_xlfn.XLOOKUP($C14,'Thông tin về sản phẩm'!$A$2:$A$6228,'Thông tin về sản phẩm'!$AM$2:$AM$6228),"") -> MM | AG14: =IFERROR(_xlfn.XLOOKUP($C14,'Thông tin về sản phẩm'!$A$2:$A$6228,'Thông tin về sản phẩm'!$AY$2:$AY$6228),"") -> Gạch POR Ốp_Lát | AH14: =IFERROR(_xlfn.XLOOKUP($C14,'Thông tin về sản phẩm'!$A$2:$A$6228,'Thông tin về sản phẩm'!$AZ$2:$AZ$6228),"") -> 1. Chiến lược
... A16: PORCELAIN | B16: 1000x1000 | C16: 10007495 | D16: 41100BARI001-H+ | E16: POR 1000x1000, 100BARI001-H+, AA | F16: 100BARI001-H+ | G16: MỜ | H16: 1. Chiến lược | I16: ĐL | J16: 589000 | K16: 471000 | L16: 489000 | O16: 0.20033956 | P16: 0.16977929 | R16: 447450 | S16: 489000 | T16: 0.24032258 | U16: =IFERROR(_xlfn.XLOOKUP($C16,'Thông tin về sản phẩm'!$A$2:$A$6228,'Thông tin về sản phẩm'!$F$2:$F$6228),"") -> GẠCH, POR 1000x1000, 100BARI001-H+, Loại AA (L1) | V16: =IFERROR(_xlfn.XLOOKUP($C16,'Thông tin về sản phẩm'!$A$2:$A$6228,'Thông tin về sản phẩm'!$S$2:$S$6228),"") -> ỐP_LÁT | W16: =IFERROR(_xlfn.XLOOKUP($C16,'Thông tin về sản phẩm'!$A$2:$A$6228,'Thông tin về sản phẩm'!$Y$2:$Y$6228),"") -> TRẮNG | X16: =IFERROR(_xlfn.XLOOKUP($C16,'Thông tin về sản phẩm'!$A$2:$A$6228,'Thông tin về sản phẩm'!$AA$2:$AA$6228),"") -> KHÁNG_KHUẨN | Y16: =IFERROR(_xlfn.XLOOKUP($C16,'Thông tin về sản phẩm'!$A$2:$A$6228,'Thông tin về sản phẩm'!$AC$2:$AC$6228),"") -> VÂN_CÁT | Z16: =IFERROR(_xlfn.XLOOKUP($C16,'Thông tin về sản phẩm'!$A$2:$A$6228,'Thông tin về sản phẩm'!$AD$2:$AD$6228),"") -> 25.5 | AA16: =IFERROR(_xlfn.XLOOKUP($C16,'Thông tin về sản phẩm'!$A$2:$A$6228,'Thông tin về sản phẩm'!$I$2:$I$6228),"") -> VIE | AB16: =IFERROR(_xlfn.XLOOKUP($C16,'Thông tin về sản phẩm'!$A$2:$A$6228,'Thông tin về sản phẩm'!$AI$2:$AI$6228),"") -> 1000 | AC16: =IFERROR(_xlfn.XLOOKUP($C16,'Thông tin về sản phẩm'!$A$2:$A$6228,'Thông tin về sản phẩm'!$AJ$2:$AJ$6228),"") -> 1000 | AD16: =IFERROR(_xlfn.XLOOKUP($C16,'Thông tin về sản phẩm'!$A$2:$A$6228,'Thông tin về sản phẩm'!$AK$2:$AK$6228),"") -> 11.5 | AE16: =IFERROR(_xlfn.XLOOKUP($C16,'Thông tin về sản phẩm'!$A$2:$A$6228,'Thông tin về sản phẩm'!$AL$2:$AL$6228),"") -> MM | AF16: =IFERROR(_xlfn.XLOOKUP($C16,'Thông tin về sản phẩm'!$A$2:$A$6228,'Thông tin về sản phẩm'!$AM$2:$AM$6228),"") -> MM | AG16: =IFERROR(_xlfn.XLOOKUP($C16,'Thông tin về sản phẩm'!$A$2:$A$6228,'Thông tin về sản phẩm'!$AY$2:$AY$6228),"") -> Gạch POR Ốp_Lát | AH16: =IFERROR(_xlfn.XLOOKUP($C16,'Thông tin về sản phẩm'!$A$2:$A$6228,'Thông tin về sản phẩm'!$AZ$2:$AZ$6228),"") -> 1. Chiến lược
A17: PORCELAIN | B17: 1000x1000 | C17: 10005899 | D17: 41100DONGVAN007-FP-H+ | E17: POR 1000x1000, 100DONGVAN007-FP-H+, AA | F17: 100DONGVAN007-FP-H+ | G17: FP | I17: Sale | J17: 562000 | K17: 449600 | L17: 466460 | M17: 382200 | N17: 399000 | O17: 0.2 | P17: 0.17 | Q17: 📦 Xả kho (CT2 – TB 173) | R17: 363090 | S17: 399000 | T17: 0.35393238 | U17: =IFERROR(_xlfn.XLOOKUP($C17,'Thông tin về sản phẩm'!$A$2:$A$6228,'Thông tin về sản phẩm'!$F$2:$F$6228),"") -> GẠCH, POR 1000x1000, 100DONGVAN007-FP-H+, Loại AA (L1) | V17: =IFERROR(_xlfn.XLOOKUP($C17,'Thông tin về sản phẩm'!$A$2:$A$6228,'Thông tin về sản phẩm'!$S$2:$S$6228),"") -> ỐP_LÁT | W17: =IFERROR(_xlfn.XLOOKUP($C17,'Thông tin về sản phẩm'!$A$2:$A$6228,'Thông tin về sản phẩm'!$Y$2:$Y$6228),"") -> XÁM | X17: =IFERROR(_xlfn.XLOOKUP($C17,'Thông tin về sản phẩm'!$A$2:$A$6228,'Thông tin về sản phẩm'!$AA$2:$AA$6228),"") -> KHÁNG_KHUẨN | Y17: =IFERROR(_xlfn.XLOOKUP($C17,'Thông tin về sản phẩm'!$A$2:$A$6228,'Thông tin về sản phẩm'!$AC$2:$AC$6228),"") -> VÂN_ĐÁ_MARBLE_CẨM_THẠCH | Z17: =IFERROR(_xlfn.XLOOKUP($C17,'Thông tin về sản phẩm'!$A$2:$A$6228,'Thông tin về sản phẩm'!$AD$2:$AD$6228),"") -> 28.55 | AA17: =IFERROR(_xlfn.XLOOKUP($C17,'Thông tin về sản phẩm'!$A$2:$A$6228,'Thông tin về sản phẩm'!$I$2:$I$6228),"") -> VIE | AB17: =IFERROR(_xlfn.XLOOKUP($C17,'Thông tin về sản phẩm'!$A$2:$A$6228,'Thông tin về sản phẩm'!$AI$2:$AI$6228),"") -> 1000 | AC17: =IFERROR(_xlfn.XLOOKUP($C17,'Thông tin về sản phẩm'!$A$2:$A$6228,'Thông tin về sản phẩm'!$AJ$2:$AJ$6228),"") -> 1000 | AD17: =IFERROR(_xlfn.XLOOKUP($C17,'Thông tin về sản phẩm'!$A$2:$A$6228,'Thông tin về sản phẩm'!$AK$2:$AK$6228),"") -> 11.5 | AE17: =IFERROR(_xlfn.XLOOKUP($C17,'Thông tin về sản phẩm'!$A$2:$A$6228,'Thông tin về sản phẩm'!$AL$2:$AL$6228),"") -> MM | AF17: =IFERROR(_xlfn.XLOOKUP($C17,'Thông tin về sản phẩm'!$A$2:$A$6228,'Thông tin về sản phẩm'!$AM$2:$AM$6228),"") -> BM | AG17: =IFERROR(_xlfn.XLOOKUP($C17,'Thông tin về sản phẩm'!$A$2:$A$6228,'Thông tin về sản phẩm'!$AY$2:$AY$6228),"") -> Gạch POR Ốp_Lát | AH17: =IFERROR(_xlfn.XLOOKUP($C17,'Thông tin về sản phẩm'!$A$2:$A$6228,'Thông tin về sản phẩm'!$AZ$2:$AZ$6228),"") -> 5. Cơ bản
A18: PORCELAIN | B18: 1000x1000 | C18: 10005900 | D18: 41100DONGVAN005-FP-H+ | E18: POR 1000x1000, 100DONGVAN005-FP-H+, AA | F18: 100DONGVAN005-FP-H+ | G18: FP | I18: Sale | J18: 618000 | K18: 494400 | L18: 512940 | M18: 420200 | N18: 438800 | O18: 0.2 | P18: 0.17 | Q18: 🔥 Sale tháng (CT1 – TB 169) | R18: 399190 | S18: 438800 | T18: 0.35406149 | U18: =IFERROR(_xlfn.XLOOKUP($C18,'Thông tin về sản phẩm'!$A$2:$A$6228,'Thông tin về sản phẩm'!$F$2:$F$6228),"") -> GẠCH, POR 1000x1000, 100DONGVAN005-FP-H+, Loại AA (L1) | V18: =IFERROR(_xlfn.XLOOKUP($C18,'Thông tin về sản phẩm'!$A$2:$A$6228,'Thông tin về sản phẩm'!$S$2:$S$6228),"") -> ỐP_LÁT | W18: =IFERROR(_xlfn.XLOOKUP($C18,'Thông tin về sản phẩm'!$A$2:$A$6228,'Thông tin về sản phẩm'!$Y$2:$Y$6228),"") -> XÁM | X18: =IFERROR(_xlfn.XLOOKUP($C18,'Thông tin về sản phẩm'!$A$2:$A$6228,'Thông tin về sản phẩm'!$AA$2:$AA$6228),"") -> KHÁNG_KHUẨN | Y18: =IFERROR(_xlfn.XLOOKUP($C18,'Thông tin về sản phẩm'!$A$2:$A$6228,'Thông tin về sản phẩm'!$AC$2:$AC$6228),"") -> VÂN_ĐÁ_MARBLE_CẨM_THẠCH | Z18: =IFERROR(_xlfn.XLOOKUP($C18,'Thông tin về sản phẩm'!$A$2:$A$6228,'Thông tin về sản phẩm'!$AD$2:$AD$6228),"") -> 28.55 | AA18: =IFERROR(_xlfn.XLOOKUP($C18,'Thông tin về sản phẩm'!$A$2:$A$6228,'Thông tin về sản phẩm'!$I$2:$I$6228),"") -> VIE | AB18: =IFERROR(_xlfn.XLOOKUP($C18,'Thông tin về sản phẩm'!$A$2:$A$6228,'Thông tin về sản phẩm'!$AI$2:$AI$6228),"") -> 1000 | AC18: =IFERROR(_xlfn.XLOOKUP($C18,'Thông tin về sản phẩm'!$A$2:$A$6228,'Thông tin về sản phẩm'!$AJ$2:$AJ$6228),"") -> 1000 | AD18: =IFERROR(_xlfn.XLOOKUP($C18,'Thông tin về sản phẩm'!$A$2:$A$6228,'Thông tin về sản phẩm'!$AK$2:$AK$6228),"") -> 11.5 | AE18: =IFERROR(_xlfn.XLOOKUP($C18,'Thông tin về sản phẩm'!$A$2:$A$6228,'Thông tin về sản phẩm'!$AL$2:$AL$6228),"") -> MM | AF18: =IFERROR(_xlfn.XLOOKUP($C18,'Thông tin về sản phẩm'!$A$2:$A$6228,'Thông tin về sản phẩm'!$AM$2:$AM$6228),"") -> MD | AG18: =IFERROR(_xlfn.XLOOKUP($C18,'Thông tin về sản phẩm'!$A$2:$A$6228,'Thông tin về sản phẩm'!$AY$2:$AY$6228),"") -> Gạch POR Ốp_Lát | AH18: =IFERROR(_xlfn.XLOOKUP($C18,'Thông tin về sản phẩm'!$A$2:$A$6228,'Thông tin về sản phẩm'!$AZ$2:$AZ$6228),"") -> 4. Tiềm năng
A19: PORCELAIN | B19: 1000x1000 | C19: 10001052 | D19: 41100VICTORIA005 | E19: POR 1000x1000, 100VICTORIA005, AA | F19: 100VICTORIA005 | G19: ĐỒNG_CHẤT | I19: Sale | J19: 713000 | K19: 570400 | L19: 591790 | M19: 484800 | N19: 506200 | O19: 0.2 | P19: 0.17 | Q19: 🔥 Sale tháng (CT1 – TB 169) | R19: 460560 | S19: 506200 | T19: 0.3540533 | U19: =IFERROR(_xlfn.XLOOKUP($C19,'Thông tin về sản phẩm'!$A$2:$A$6228,'Thông tin về sản phẩm'!$F$2:$F$6228),"") -> GẠCH, POR 1000x1000, 100VICTORIA005, Loại AA (L1) | V19: =IFERROR(_xlfn.XLOOKUP($C19,'Thông tin về sản phẩm'!$A$2:$A$6228,'Thông tin về sản phẩm'!$S$2:$S$6228),"") -> ỐP_LÁT | W19: =IFERROR(_xlfn.XLOOKUP($C19,'Thông tin về sản phẩm'!$A$2:$A$6228,'Thông tin về sản phẩm'!$Y$2:$Y$6228),"") -> TRẮNG | X19: =IFERROR(_xlfn.XLOOKUP($C19,'Thông tin về sản phẩm'!$A$2:$A$6228,'Thông tin về sản phẩm'!$AA$2:$AA$6228),"") -> ĐẶC_THÙ | Y19: =IFERROR(_xlfn.XLOOKUP($C19,'Thông tin về sản phẩm'!$A$2:$A$6228,'Thông tin về sản phẩm'!$AC$2:$AC$6228),"") -> MUỐI_TIÊU | Z19: =IFERROR(_xlfn.XLOOKUP($C19,'Thông tin về sản phẩm'!$A$2:$A$6228,'Thông tin về sản phẩm'!$AD$2:$AD$6228),"") -> 28.55 | AA19: =IFERROR(_xlfn.XLOOKUP($C19,'Thông tin về sản phẩm'!$A$2:$A$6228,'Thông tin về sản phẩm'!$I$2:$I$6228),"") -> VIE | AB19: =IFERROR(_xlfn.XLOOKUP($C19,'Thông tin về sản phẩm'!$A$2:$A$6228,'Thông tin về sản phẩm'!$AI$2:$AI$6228),"") -> 1000 | AC19: =IFERROR(_xlfn.XLOOKUP($C19,'Thông tin về sản phẩm'!$A$2:$A$6228,'Thông tin về sản phẩm'!$AJ$2:$AJ$6228),"") -> 1000 | AD19: =IFERROR(_xlfn.XLOOKUP($C19,'Thông tin về sản phẩm'!$A$2:$A$6228,'Thông tin về sản phẩm'!$AK$2:$AK$6228),"") -> 11.5 | AE19: =IFERROR(_xlfn.XLOOKUP($C19,'Thông tin về sản phẩm'!$A$2:$A$6228,'Thông tin về sản phẩm'!$AL$2:$AL$6228),"") -> MM | AF19: =IFERROR(_xlfn.XLOOKUP($C19,'Thông tin về sản phẩm'!$A$2:$A$6228,'Thông tin về sản phẩm'!$AM$2:$AM$6228),"") -> MV | AG19: =IFERROR(_xlfn.XLOOKUP($C19,'Thông tin về sản phẩm'!$A$2:$A$6228,'Thông tin về sản phẩm'!$AY$2:$AY$6228),"") -> Gạch POR Ốp_Lát | AH19: =IFERROR(_xlfn.XLOOKUP($C19,'Thông tin về sản phẩm'!$A$2:$A$6228,'Thông tin về sản phẩm'!$AZ$2:$AZ$6228),"") -> 4. Tiềm năng
A20: PORCELAIN | B20: 1000x1000 | C20: 10005895 | D20: 41100DONGVAN004-FP-H+ | E20: POR 1000x1000, 100DONGVAN004-FP-H+, AA | F20: 100DONGVAN004-FP-H+ | G20: FP | I20: Sale | J20: 618000 | K20: 494400 | L20: 512940 | M20: 420200 | N20: 438800 | O20: 0.2 | P20: 0.17 | Q20: 🔥 Sale tháng (CT1 – TB 169) | R20: 399190 | S20: 438800 | T20: 0.35406149 | U20: =IFERROR(_xlfn.XLOOKUP($C20,'Thông tin về sản phẩm'!$A$2:$A$6228,'Thông tin về sản phẩm'!$F$2:$F$6228),"") -> GẠCH, POR 1000x1000, 100DONGVAN004-FP-H+, Loại AA (L1) | V20: =IFERROR(_xlfn.XLOOKUP($C20,'Thông tin về sản phẩm'!$A$2:$A$6228,'Thông tin về sản phẩm'!$S$2:$S$6228),"") -> ỐP_LÁT | W20: =IFERROR(_xlfn.XLOOKUP($C20,'Thông tin về sản phẩm'!$A$2:$A$6228,'Thông tin về sản phẩm'!$Y$2:$Y$6228),"") -> TRẮNG | X20: =IFERROR(_xlfn.XLOOKUP($C20,'Thông tin về sản phẩm'!$A$2:$A$6228,'Thông tin về sản phẩm'!$AA$2:$AA$6228),"") -> KHÁNG_KHUẨN | Y20: =IFERROR(_xlfn.XLOOKUP($C20,'Thông tin về sản phẩm'!$A$2:$A$6228,'Thông tin về sản phẩm'!$AC$2:$AC$6228),"") -> VÂN_ĐÁ_CARARAS | Z20: =IFERROR(_xlfn.XLOOKUP($C20,'Thông tin về sản phẩm'!$A$2:$A$6228,'Thông tin về sản phẩm'!$AD$2:$AD$6228),"") -> 28.55 | AA20: =IFERROR(_xlfn.XLOOKUP($C20,'Thông tin về sản phẩm'!$A$2:$A$6228,'Thông tin về sản phẩm'!$I$2:$I$6228),"") -> VIE | AB20: =IFERROR(_xlfn.XLOOKUP($C20,'Thông tin về sản phẩm'!$A$2:$A$6228,'Thông tin về sản phẩm'!$AI$2:$AI$6228),"") -> 1000 | AC20: =IFERROR(_xlfn.XLOOKUP($C20,'Thông tin về sản phẩm'!$A$2:$A$6228,'Thông tin về sản phẩm'!$AJ$2:$AJ$6228),"") -> 1000 | AD20: =IFERROR(_xlfn.XLOOKUP($C20,'Thông tin về sản phẩm'!$A$2:$A$6228,'Thông tin về sản phẩm'!$AK$2:$AK$6228),"") -> 11.5 | AE20: =IFERROR(_xlfn.XLOOKUP($C20,'Thông tin về sản phẩm'!$A$2:$A$6228,'Thông tin về sản phẩm'!$AL$2:$AL$6228),"") -> MM | AF20: =IFERROR(_xlfn.XLOOKUP($C20,'Thông tin về sản phẩm'!$A$2:$A$6228,'Thông tin về sản phẩm'!$AM$2:$AM$6228),"") -> MD | AG20: =IFERROR(_xlfn.XLOOKUP($C20,'Thông tin về sản phẩm'!$A$2:$A$6228,'Thông tin về sản phẩm'!$AY$2:$AY$6228),"") -> Gạch POR Ốp_Lát | AH20: =IFERROR(_xlfn.XLOOKUP($C20,'Thông tin về sản phẩm'!$A$2:$A$6228,'Thông tin về sản phẩm'!$AZ$2:$AZ$6228),"") -> 4. Tiềm năng
A21: PORCELAIN | B21: 1000x1000 | C21: 10006646 | D21: 41100BABYLON002-H+ | E21: POR 1000x1000, 100BABYLON002-H+, AA | F21: 100BABYLON002 | G21: MỜ | U21: =IFERROR(_xlfn.XLOOKUP($C21,'Thông tin về sản phẩm'!$A$2:$A$6228,'Thông tin về sản phẩm'!$F$2:$F$6228),"") -> GẠCH, POR 1000x1000, 100BABYLON002-H+, Loại AA (L1) | V21: =IFERROR(_xlfn.XLOOKUP($C21,'Thông tin về sản phẩm'!$A$2:$A$6228,'Thông tin về sản phẩm'!$S$2:$S$6228),"") -> ỐP_LÁT | W21: =IFERROR(_xlfn.XLOOKUP($C21,'Thông tin về sản phẩm'!$A$2:$A$6228,'Thông tin về sản phẩm'!$Y$2:$Y$6228),"") -> KEM | X21: =IFERROR(_xlfn.XLOOKUP($C21,'Thông tin về sản phẩm'!$A$2:$A$6228,'Thông tin về sản phẩm'!$AA$2:$AA$6228),"") -> KHÁNG_KHUẨN | Y21: =IFERROR(_xlfn.XLOOKUP($C21,'Thông tin về sản phẩm'!$A$2:$A$6228,'Thông tin về sản phẩm'!$AC$2:$AC$6228),"") -> VÂN_ĐÁ | Z21: =IFERROR(_xlfn.XLOOKUP($C21,'Thông tin về sản phẩm'!$A$2:$A$6228,'Thông tin về sản phẩm'!$AD$2:$AD$6228),"") -> 28.55 | AA21: =IFERROR(_xlfn.XLOOKUP($C21,'Thông tin về sản phẩm'!$A$2:$A$6228,'Thông tin về sản phẩm'!$I$2:$I$6228),"") -> VIE | AB21: =IFERROR(_xlfn.XLOOKUP($C21,'Thông tin về sản phẩm'!$A$2:$A$6228,'Thông tin về sản phẩm'!$AI$2:$AI$6228),"") -> 1000 | AC21: =IFERROR(_xlfn.XLOOKUP($C21,'Thông tin về sản phẩm'!$A$2:$A$6228,'Thông tin về sản phẩm'!$AJ$2:$AJ$6228),"") -> 1000 | AD21: =IFERROR(_xlfn.XLOOKUP($C21,'Thông tin về sản phẩm'!$A$2:$A$6228,'Thông tin về sản phẩm'!$AK$2:$AK$6228),"") -> 11.5 | AE21: =IFERROR(_xlfn.XLOOKUP($C21,'Thông tin về sản phẩm'!$A$2:$A$6228,'Thông tin về sản phẩm'!$AL$2:$AL$6228),"") -> MM | AF21: =IFERROR(_xlfn.XLOOKUP($C21,'Thông tin về sản phẩm'!$A$2:$A$6228,'Thông tin về sản phẩm'!$AM$2:$AM$6228),"") -> MM | AG21: =IFERROR(_xlfn.XLOOKUP($C21,'Thông tin về sản phẩm'!$A$2:$A$6228,'Thông tin về sản phẩm'!$AY$2:$AY$6228),"") -> Gạch POR Ốp_Lát | AH21: =IFERROR(_xlfn.XLOOKUP($C21,'Thông tin về sản phẩm'!$A$2:$A$6228,'Thông tin về sản phẩm'!$AZ$2:$AZ$6228),"")
A22: PORCELAIN | B22: 1000x1000 | C22: 10006772 | D22: 41100BABYLON003-H+ | E22: POR 1000x1000, 100BABYLON003-H+, AA | F22: 100BABYLON003 | G22: MỜ | U22: =IFERROR(_xlfn.XLOOKUP($C22,'Thông tin về sản phẩm'!$A$2:$A$6228,'Thông tin về sản phẩm'!$F$2:$F$6228),"") -> GẠCH, POR 1000x1000, 100BABYLON003-H+, Loại AA (L1) | V22: =IFERROR(_xlfn.XLOOKUP($C22,'Thông tin về sản phẩm'!$A$2:$A$6228,'Thông tin về sản phẩm'!$S$2:$S$6228),"") -> ỐP_LÁT | W22: =IFERROR(_xlfn.XLOOKUP($C22,'Thông tin về sản phẩm'!$A$2:$A$6228,'Thông tin về sản phẩm'!$Y$2:$Y$6228),"") -> KEM | X22: =IFERROR(_xlfn.XLOOKUP($C22,'Thông tin về sản phẩm'!$A$2:$A$6228,'Thông tin về sản phẩm'!$AA$2:$AA$6228),"") -> KHÁNG_KHUẨN | Y22: =IFERROR(_xlfn.XLOOKUP($C22,'Thông tin về sản phẩm'!$A$2:$A$6228,'Thông tin về sản phẩm'!$AC$2:$AC$6228),"") -> VÂN_ĐÁ_MARBLE_CẨM_THẠCH | Z22: =IFERROR(_xlfn.XLOOKUP($C22,'Thông tin về sản phẩm'!$A$2:$A$6228,'Thông tin về sản phẩm'!$AD$2:$AD$6228),"") -> 28.55 | AA22: =IFERROR(_xlfn.XLOOKUP($C22,'Thông tin về sản phẩm'!$A$2:$A$6228,'Thông tin về sản phẩm'!$I$2:$I$6228),"") -> VIE | AB22: =IFERROR(_xlfn.XLOOKUP($C22,'Thông tin về sản phẩm'!$A$2:$A$6228,'Thông tin về sản phẩm'!$AI$2:$AI$6228),"") -> 1000 | AC22: =IFERROR(_xlfn.XLOOKUP($C22,'Thông tin về sản phẩm'!$A$2:$A$6228,'Thông tin về sản phẩm'!$AJ$2:$AJ$6228),"") -> 1000 | AD22: =IFERROR(_xlfn.XLOOKUP($C22,'Thông tin về sản phẩm'!$A$2:$A$6228,'Thông tin về sản phẩm'!$AK$2:$AK$6228),"") -> 11.5 | AE22: =IFERROR(_xlfn.XLOOKUP($C22,'Thông tin về sản phẩm'!$A$2:$A$6228,'Thông tin về sản phẩm'!$AL$2:$AL$6228),"") -> MM | AF22: =IFERROR(_xlfn.XLOOKUP($C22,'Thông tin về sản phẩm'!$A$2:$A$6228,'Thông tin về sản phẩm'!$AM$2:$AM$6228),"") -> MM | AG22: =IFERROR(_xlfn.XLOOKUP($C22,'Thông tin về sản phẩm'!$A$2:$A$6228,'Thông tin về sản phẩm'!$AY$2:$AY$6228),"") -> Gạch POR Ốp_Lát | AH22: =IFERROR(_xlfn.XLOOKUP($C22,'Thông tin về sản phẩm'!$A$2:$A$6228,'Thông tin về sản phẩm'!$AZ$2:$AZ$6228),"")
A23: PORCELAIN | B23: 1000x1000 | C23: 10006774 | D23: 41100BABYLON005-H+ | E23: POR 1000x1000, 100BABYLON005-H+, AA | F23: 100BABYLON005-H+ | G23: MỜ | U23: =IFERROR(_xlfn.XLOOKUP($C23,'Thông tin về sản phẩm'!$A$2:$A$6228,'Thông tin về sản phẩm'!$F$2:$F$6228),"") -> GẠCH, POR 1000x1000, 100BABYLON005-H+, Loại AA (L1) | V23: =IFERROR(_xlfn.XLOOKUP($C23,'Thông tin về sản phẩm'!$A$2:$A$6228,'Thông tin về sản phẩm'!$S$2:$S$6228),"") -> ỐP_LÁT | W23: =IFERROR(_xlfn.XLOOKUP($C23,'Thông tin về sản phẩm'!$A$2:$A$6228,'Thông tin về sản phẩm'!$Y$2:$Y$6228),"") -> XÁM | X23: =IFERROR(_xlfn.XLOOKUP($C23,'Thông tin về sản phẩm'!$A$2:$A$6228,'Thông tin về sản phẩm'!$AA$2:$AA$6228),"") -> KHÁNG_KHUẨN | Y23: =IFERROR(_xlfn.XLOOKUP($C23,'Thông tin về sản phẩm'!$A$2:$A$6228,'Thông tin về sản phẩm'!$AC$2:$AC$6228),"") -> VÂN_ĐÁ_CREMA_MAFIL | Z23: =IFERROR(_xlfn.XLOOKUP($C23,'Thông tin về sản phẩm'!$A$2:$A$6228,'Thông tin về sản phẩm'!$AD$2:$AD$6228),"") -> 28.55 | AA23: =IFERROR(_xlfn.XLOOKUP($C23,'Thông tin về sản phẩm'!$A$2:$A$6228,'Thông tin về sản phẩm'!$I$2:$I$6228),"") -> VIE | AB23: =IFERROR(_xlfn.XLOOKUP($C23,'Thông tin về sản phẩm'!$A$2:$A$6228,'Thông tin về sản phẩm'!$AI$2:$AI$6228),"") -> 1000 | AC23: =IFERROR(_xlfn.XLOOKUP($C23,'Thông tin về sản phẩm'!$A$2:$A$6228,'Thông tin về sản phẩm'!$AJ$2:$AJ$6228),"") -> 1000 | AD23: =IFERROR(_xlfn.XLOOKUP($C23,'Thông tin về sản phẩm'!$A$2:$A$6228,'Thông tin về sản phẩm'!$AK$2:$AK$6228),"") -> 11.5 | AE23: =IFERROR(_xlfn.XLOOKUP($C23,'Thông tin về sản phẩm'!$A$2:$A$6228,'Thông tin về sản phẩm'!$AL$2:$AL$6228),"") -> MM | AF23: =IFERROR(_xlfn.XLOOKUP($C23,'Thông tin về sản phẩm'!$A$2:$A$6228,'Thông tin về sản phẩm'!$AM$2:$AM$6228),"") -> MM | AG23: =IFERROR(_xlfn.XLOOKUP($C23,'Thông tin về sản phẩm'!$A$2:$A$6228,'Thông tin về sản phẩm'!$AY$2:$AY$6228),"") -> Gạch POR Ốp_Lát | AH23: =IFERROR(_xlfn.XLOOKUP($C23,'Thông tin về sản phẩm'!$A$2:$A$6228,'Thông tin về sản phẩm'!$AZ$2:$AZ$6228),"")
A24: CERAMIC | B24: 100x200 | C24: 10000310 | D24: 311020COLOUR019 | E24: CER 100x200, 1020COLOUR019, AA | F24: 1020COLOUR019 | G24: MỜ | I24: Sale | J24: 391000 | K24: 312800 | L24: 324530 | M24: 265900 | N24: 277600 | O24: 0.2 | P24: 0.17 | Q24: 📦 Xả kho (CT2 – TB 173) | R24: 252605 | S24: 277600 | T24: 0.35395141 | U24: =IFERROR(_xlfn.XLOOKUP($C24,'Thông tin về sản phẩm'!$A$2:$A$6228,'Thông tin về sản phẩm'!$F$2:$F$6228),"") -> GẠCH, CER 100x200, 1020COLOUR019, Loại AA (L1) | V24: =IFERROR(_xlfn.XLOOKUP($C24,'Thông tin về sản phẩm'!$A$2:$A$6228,'Thông tin về sản phẩm'!$S$2:$S$6228),"") -> ỐP_TƯỜNG | W24: =IFERROR(_xlfn.XLOOKUP($C24,'Thông tin về sản phẩm'!$A$2:$A$6228,'Thông tin về sản phẩm'!$Y$2:$Y$6228),"") -> XANH_LÁ | X24: =IFERROR(_xlfn.XLOOKUP($C24,'Thông tin về sản phẩm'!$A$2:$A$6228,'Thông tin về sản phẩm'!$AA$2:$AA$6228),"") -> ĐẶC_THÙ | Y24: =IFERROR(_xlfn.XLOOKUP($C24,'Thông tin về sản phẩm'!$A$2:$A$6228,'Thông tin về sản phẩm'!$AC$2:$AC$6228),"") -> KHÔNG_HOA_VĂN | Z24: =IFERROR(_xlfn.XLOOKUP($C24,'Thông tin về sản phẩm'!$A$2:$A$6228,'Thông tin về sản phẩm'!$AD$2:$AD$6228),"") -> 0.28 | AA24: =IFERROR(_xlfn.XLOOKUP($C24,'Thông tin về sản phẩm'!$A$2:$A$6228,'Thông tin về sản phẩm'!$I$2:$I$6228),"") -> VIE | AB24: =IFERROR(_xlfn.XLOOKUP($C24,'Thông tin về sản phẩm'!$A$2:$A$6228,'Thông tin về sản phẩm'!$AI$2:$AI$6228),"") -> 200 | AC24: =IFERROR(_xlfn.XLOOKUP($C24,'Thông tin về sản phẩm'!$A$2:$A$6228,'Thông tin về sản phẩm'!$AJ$2:$AJ$6228),"") -> 100 | AD24: =IFERROR(_xlfn.XLOOKUP($C24,'Thông tin về sản phẩm'!$A$2:$A$6228,'Thông tin về sản phẩm'!$AK$2:$AK$6228),"") -> 8 | AE24: =IFERROR(_xlfn.XLOOKUP($C24,'Thông tin về sản phẩm'!$A$2:$A$6228,'Thông tin về sản phẩm'!$AL$2:$AL$6228),"") -> MM | AF24: =IFERROR(_xlfn.XLOOKUP($C24,'Thông tin về sản phẩm'!$A$2:$A$6228,'Thông tin về sản phẩm'!$AM$2:$AM$6228),"") -> NSX | AG24: =IFERROR(_xlfn.XLOOKUP($C24,'Thông tin về sản phẩm'!$A$2:$A$6228,'Thông tin về sản phẩm'!$AY$2:$AY$6228),"") -> Gạch CER Ốp_Tường | AH24: =IFERROR(_xlfn.XLOOKUP($C24,'Thông tin về sản phẩm'!$A$2:$A$6228,'Thông tin về sản phẩm'!$AZ$2:$AZ$6228),"") -> 5. Cơ bản
A25: CERAMIC | B25: 100x200 | C25: 10006307 | D25: 311020ROCK014 | E25: CER 100x200, 1020ROCK014, AA | F25: 1020ROCK014 | G25: MỜ | I25: Sale | J25: 216000 | K25: 172800 | L25: 179280 | M25: 146900 | N25: 153400 | O25: 0.2 | P25: 0.17 | Q25: 📦 Xả kho (CT2 – TB 173) | R25: 139555 | S25: 153400 | T25: 0.35391204 | U25: =IFERROR(_xlfn.XLOOKUP($C25,'Thông tin về sản phẩm'!$A$2:$A$6228,'Thông tin về sản phẩm'!$F$2:$F$6228),"") -> GẠCH, CER 100x200, 1020ROCK014, Loại AA (L1) | V25: =IFERROR(_xlfn.XLOOKUP($C25,'Thông tin về sản phẩm'!$A$2:$A$6228,'Thông tin về sản phẩm'!$S$2:$S$6228),"") -> ỐP_TƯỜNG | W25: =IFERROR(_xlfn.XLOOKUP($C25,'Thông tin về sản phẩm'!$A$2:$A$6228,'Thông tin về sản phẩm'!$Y$2:$Y$6228),"") -> NÂU | X25: =IFERROR(_xlfn.XLOOKUP($C25,'Thông tin về sản phẩm'!$A$2:$A$6228,'Thông tin về sản phẩm'!$AA$2:$AA$6228),"") -> ĐẶC_THÙ | Y25: =IFERROR(_xlfn.XLOOKUP($C25,'Thông tin về sản phẩm'!$A$2:$A$6228,'Thông tin về sản phẩm'!$AC$2:$AC$6228),"") -> VÂN_ĐÁ | Z25: =IFERROR(_xlfn.XLOOKUP($C25,'Thông tin về sản phẩm'!$A$2:$A$6228,'Thông tin về sản phẩm'!$AD$2:$AD$6228),"") -> 0.308 | AA25: =IFERROR(_xlfn.XLOOKUP($C25,'Thông tin về sản phẩm'!$A$2:$A$6228,'Thông tin về sản phẩm'!$I$2:$I$6228),"") -> VIE | AB25: =IFERROR(_xlfn.XLOOKUP($C25,'Thông tin về sản phẩm'!$A$2:$A$6228,'Thông tin về sản phẩm'!$AI$2:$AI$6228),"") -> 200 | AC25: =IFERROR(_xlfn.XLOOKUP($C25,'Thông tin về sản phẩm'!$A$2:$A$6228,'Thông tin về sản phẩm'!$AJ$2:$AJ$6228),"") -> 100 | AD25: =IFERROR(_xlfn.XLOOKUP($C25,'Thông tin về sản phẩm'!$A$2:$A$6228,'Thông tin về sản phẩm'!$AK$2:$AK$6228),"") -> 8 | AE25: =IFERROR(_xlfn.XLOOKUP($C25,'Thông tin về sản phẩm'!$A$2:$A$6228,'Thông tin về sản phẩm'!$AL$2:$AL$6228),"") -> MM | AF25: =IFERROR(_xlfn.XLOOKUP($C25,'Thông tin về sản phẩm'!$A$2:$A$6228,'Thông tin về sản phẩm'!$AM$2:$AM$6228),"") -> MV_ | AG25: =IFERROR(_xlfn.XLOOKUP($C25,'Thông tin về sản phẩm'!$A$2:$A$6228,'Thông tin về sản phẩm'!$AY$2:$AY$6228),"") -> Gạch CER Ốp_Tường | AH25: =IFERROR(_xlfn.XLOOKUP($C25,'Thông tin về sản phẩm'!$A$2:$A$6228,'Thông tin về sản phẩm'!$AZ$2:$AZ$6228),"") -> 5. Cơ bản
A26: CERAMIC | B26: 100x200 | C26: 10006305 | D26: 311020ROCK012 | E26: CER 100x200, 1020ROCK012, AA | F26: 1020ROCK012 | G26: MỜ | I26: Sale | J26: 216000 | K26: 172800 | L26: 179280 | M26: 146900 | N26: 153400 | O26: 0.2 | P26: 0.17 | Q26: 📦 Xả kho (CT2 – TB 173) | R26: 139555 | S26: 153400 | T26: 0.35391204 | U26: =IFERROR(_xlfn.XLOOKUP($C26,'Thông tin về sản phẩm'!$A$2:$A$6228,'Thông tin về sản phẩm'!$F$2:$F$6228),"") -> GẠCH, CER 100x200, 1020ROCK012, Loại AA (L1) | V26: =IFERROR(_xlfn.XLOOKUP($C26,'Thông tin về sản phẩm'!$A$2:$A$6228,'Thông tin về sản phẩm'!$S$2:$S$6228),"") -> ỐP_TƯỜNG | W26: =IFERROR(_xlfn.XLOOKUP($C26,'Thông tin về sản phẩm'!$A$2:$A$6228,'Thông tin về sản phẩm'!$Y$2:$Y$6228),"") -> NÂU | X26: =IFERROR(_xlfn.XLOOKUP($C26,'Thông tin về sản phẩm'!$A$2:$A$6228,'Thông tin về sản phẩm'!$AA$2:$AA$6228),"") -> ĐẶC_THÙ | Y26: =IFERROR(_xlfn.XLOOKUP($C26,'Thông tin về sản phẩm'!$A$2:$A$6228,'Thông tin về sản phẩm'!$AC$2:$AC$6228),"") -> VÂN_ĐÁ | Z26: =IFERROR(_xlfn.XLOOKUP($C26,'Thông tin về sản phẩm'!$A$2:$A$6228,'Thông tin về sản phẩm'!$AD$2:$AD$6228),"") -> 0.308 | AA26: =IFERROR(_xlfn.XLOOKUP($C26,'Thông tin về sản phẩm'!$A$2:$A$6228,'Thông tin về sản phẩm'!$I$2:$I$6228),"") -> VIE | AB26: =IFERROR(_xlfn.XLOOKUP($C26,'Thông tin về sản phẩm'!$A$2:$A$6228,'Thông tin về sản phẩm'!$AI$2:$AI$6228),"") -> 200 | AC26: =IFERROR(_xlfn.XLOOKUP($C26,'Thông tin về sản phẩm'!$A$2:$A$6228,'Thông tin về sản phẩm'!$AJ$2:$AJ$6228),"") -> 100 | AD26: =IFERROR(_xlfn.XLOOKUP($C26,'Thông tin về sản phẩm'!$A$2:$A$6228,'Thông tin về sản phẩm'!$AK$2:$AK$6228),"") -> 8 | AE26: =IFERROR(_xlfn.XLOOKUP($C26,'Thông tin về sản phẩm'!$A$2:$A$6228,'Thông tin về sản phẩm'!$AL$2:$AL$6228),"") -> MM | AF26: =IFERROR(_xlfn.XLOOKUP($C26,'Thông tin về sản phẩm'!$A$2:$A$6228,'Thông tin về sản phẩm'!$AM$2:$AM$6228),"") -> MV_ | AG26: =IFERROR(_xlfn.XLOOKUP($C26,'Thông tin về sản phẩm'!$A$2:$A$6228,'Thông tin về sản phẩm'!$AY$2:$AY$6228),"") -> Gạch CER Ốp_Tường | AH26: =IFERROR(_xlfn.XLOOKUP($C26,'Thông tin về sản phẩm'!$A$2:$A$6228,'Thông tin về sản phẩm'!$AZ$2:$AZ$6228),"") -> 5. Cơ bản
A27: CERAMIC | B27: 100x200 | C27: 10000186 | D27: 311020ROCK002 | E27: CER 100x200, 1020ROCK002, AA | F27: 1020ROCK002 | G27: MỜ | I27: Sale | J27: 216000 | K27: 172800 | L27: 179280 | M27: 146900 | N27: 153400 | O27: 0.2 | P27: 0.17 | Q27: 🔥 Sale tháng (CT1 – TB 169) | R27: 139555 | S27: 153400 | T27: 0.35391204 | U27: =IFERROR(_xlfn.XLOOKUP($C27,'Thông tin về sản phẩm'!$A$2:$A$6228,'Thông tin về sản phẩm'!$F$2:$F$6228),"") -> GẠCH, CER 100x200, 1020ROCK002, Loại AA (L1) | V27: =IFERROR(_xlfn.XLOOKUP($C27,'Thông tin về sản phẩm'!$A$2:$A$6228,'Thông tin về sản phẩm'!$S$2:$S$6228),"") -> ỐP_TƯỜNG | W27: =IFERROR(_xlfn.XLOOKUP($C27,'Thông tin về sản phẩm'!$A$2:$A$6228,'Thông tin về sản phẩm'!$Y$2:$Y$6228),"") -> KEM | X27: =IFERROR(_xlfn.XLOOKUP($C27,'Thông tin về sản phẩm'!$A$2:$A$6228,'Thông tin về sản phẩm'!$AA$2:$AA$6228),"") -> ĐẶC_THÙ | Y27: =IFERROR(_xlfn.XLOOKUP($C27,'Thông tin về sản phẩm'!$A$2:$A$6228,'Thông tin về sản phẩm'!$AC$2:$AC$6228),"") -> VÂN_ĐÁ | Z27: =IFERROR(_xlfn.XLOOKUP($C27,'Thông tin về sản phẩm'!$A$2:$A$6228,'Thông tin về sản phẩm'!$AD$2:$AD$6228),"") -> 0.308 | AA27: =IFERROR(_xlfn.XLOOKUP($C27,'Thông tin về sản phẩm'!$A$2:$A$6228,'Thông tin về sản phẩm'!$I$2:$I$6228),"") -> VIE | AB27: =IFERROR(_xlfn.XLOOKUP($C27,'Thông tin về sản phẩm'!$A$2:$A$6228,'Thông tin về sản phẩm'!$AI$2:$AI$6228),"") -> 200 | AC27: =IFERROR(_xlfn.XLOOKUP($C27,'Thông tin về sản phẩm'!$A$2:$A$6228,'Thông tin về sản phẩm'!$AJ$2:$AJ$6228),"") -> 100 | AD27: =IFERROR(_xlfn.XLOOKUP($C27,'Thông tin về sản phẩm'!$A$2:$A$6228,'Thông tin về sản phẩm'!$AK$2:$AK$6228),"") -> 8 | AE27: =IFERROR(_xlfn.XLOOKUP($C27,'Thông tin về sản phẩm'!$A$2:$A$6228,'Thông tin về sản phẩm'!$AL$2:$AL$6228),"") -> MM | AF27: =IFERROR(_xlfn.XLOOKUP($C27,'Thông tin về sản phẩm'!$A$2:$A$6228,'Thông tin về sản phẩm'!$AM$2:$AM$6228),"") -> MV_ | AG27: =IFERROR(_xlfn.XLOOKUP($C27,'Thông tin về sản phẩm'!$A$2:$A$6228,'Thông tin về sản phẩm'!$AY$2:$AY$6228),"") -> Gạch CER Ốp_Tường | AH27: =IFERROR(_xlfn.XLOOKUP($C27,'Thông tin về sản phẩm'!$A$2:$A$6228,'Thông tin về sản phẩm'!$AZ$2:$AZ$6228),"") -> 4. Tiềm năng
A28: CERAMIC | B28: 100x200 | C28: 10000306 | D28: 311020COLOUR002 | E28: CER 100x200, 1020COLOUR002, AA | F28: 1020COLOUR002 | G28: MỜ | I28: Sale | J28: 391000 | K28: 312800 | L28: 324530 | M28: 265900 | N28: 277600 | O28: 0.2 | P28: 0.17 | Q28: 📦 Xả kho (CT2 – TB 173) | R28: 252605 | S28: 277600 | T28: 0.35395141 | U28: =IFERROR(_xlfn.XLOOKUP($C28,'Thông tin về sản phẩm'!$A$2:$A$6228,'Thông tin về sản phẩm'!$F$2:$F$6228),"") -> GẠCH, CER 100x200, 1020COLOUR002, Loại AA (L1) | V28: =IFERROR(_xlfn.XLOOKUP($C28,'Thông tin về sản phẩm'!$A$2:$A$6228,'Thông tin về sản phẩm'!$S$2:$S$6228),"") -> ỐP_TƯỜNG | W28: =IFERROR(_xlfn.XLOOKUP($C28,'Thông tin về sản phẩm'!$A$2:$A$6228,'Thông tin về sản phẩm'!$Y$2:$Y$6228),"") -> CAM | X28: =IFERROR(_xlfn.XLOOKUP($C28,'Thông tin về sản phẩm'!$A$2:$A$6228,'Thông tin về sản phẩm'!$AA$2:$AA$6228),"") -> ĐẶC_THÙ | Y28: =IFERROR(_xlfn.XLOOKUP($C28,'Thông tin về sản phẩm'!$A$2:$A$6228,'Thông tin về sản phẩm'!$AC$2:$AC$6228),"") -> KHÔNG_HOA_VĂN | Z28: =IFERROR(_xlfn.XLOOKUP($C28,'Thông tin về sản phẩm'!$A$2:$A$6228,'Thông tin về sản phẩm'!$AD$2:$AD$6228),"") -> 0.303 | AA28: =IFERROR(_xlfn.XLOOKUP($C28,'Thông tin về sản phẩm'!$A$2:$A$6228,'Thông tin về sản phẩm'!$I$2:$I$6228),"") -> VIE | AB28: =IFERROR(_xlfn.XLOOKUP($C28,'Thông tin về sản phẩm'!$A$2:$A$6228,'Thông tin về sản phẩm'!$AI$2:$AI$6228),"") -> 200 | AC28: =IFERROR(_xlfn.XLOOKUP($C28,'Thông tin về sản phẩm'!$A$2:$A$6228,'Thông tin về sản phẩm'!$AJ$2:$AJ$6228),"") -> 100 | AD28: =IFERROR(_xlfn.XLOOKUP($C28,'Thông tin về sản phẩm'!$A$2:$A$6228,'Thông tin về sản phẩm'!$AK$2:$AK$6228),"") -> 8 | AE28: =IFERROR(_xlfn.XLOOKUP($C28,'Thông tin về sản phẩm'!$A$2:$A$6228,'Thông tin về sản phẩm'!$AL$2:$AL$6228),"") -> MM | AF28: =IFERROR(_xlfn.XLOOKUP($C28,'Thông tin về sản phẩm'!$A$2:$A$6228,'Thông tin về sản phẩm'!$AM$2:$AM$6228),"") -> NSX | AG28: =IFERROR(_xlfn.XLOOKUP($C28,'Thông tin về sản phẩm'!$A$2:$A$6228,'Thông tin về sản phẩm'!$AY$2:$AY$6228),"") -> Gạch CER Ốp_Tường | AH28: =IFERROR(_xlfn.XLOOKUP($C28,'Thông tin về sản phẩm'!$A$2:$A$6228,'Thông tin về sản phẩm'!$AZ$2:$AZ$6228),"") -> 5. Cơ bản
A29: CERAMIC | B29: 100x200 | C29: 10000308 | D29: 311020COLOUR012 | E29: CER 100x200, 1020COLOUR012, AA | F29: 1020COLOUR012 | G29: MỜ | I29: Sale | J29: 391000 | K29: 312800 | L29: 324530 | M29: 265900 | N29: 277600 | O29: 0.2 | P29: 0.17 | Q29: 🔥 Sale tháng (CT1 – TB 169) | R29: 252605 | S29: 277600 | T29: 0.35395141 | U29: =IFERROR(_xlfn.XLOOKUP($C29,'Thông tin về sản phẩm'!$A$2:$A$6228,'Thông tin về sản phẩm'!$F$2:$F$6228),"") -> GẠCH, CER 100x200, 1020COLOUR012, Loại AA (L1) | V29: =IFERROR(_xlfn.XLOOKUP($C29,'Thông tin về sản phẩm'!$A$2:$A$6228,'Thông tin về sản phẩm'!$S$2:$S$6228),"") -> ỐP_TƯỜNG | W29: =IFERROR(_xlfn.XLOOKUP($C29,'Thông tin về sản phẩm'!$A$2:$A$6228,'Thông tin về sản phẩm'!$Y$2:$Y$6228),"") -> XANH_DƯƠNG | X29: =IFERROR(_xlfn.XLOOKUP($C29,'Thông tin về sản phẩm'!$A$2:$A$6228,'Thông tin về sản phẩm'!$AA$2:$AA$6228),"") -> ĐẶC_THÙ | Y29: =IFERROR(_xlfn.XLOOKUP($C29,'Thông tin về sản phẩm'!$A$2:$A$6228,'Thông tin về sản phẩm'!$AC$2:$AC$6228),"") -> KHÔNG_HOA_VĂN | Z29: =IFERROR(_xlfn.XLOOKUP($C29,'Thông tin về sản phẩm'!$A$2:$A$6228,'Thông tin về sản phẩm'!$AD$2:$AD$6228),"") -> 0.301 | AA29: =IFERROR(_xlfn.XLOOKUP($C29,'Thông tin về sản phẩm'!$A$2:$A$6228,'Thông tin về sản phẩm'!$I$2:$I$6228),"") -> VIE | AB29: =IFERROR(_xlfn.XLOOKUP($C29,'Thông tin về sản phẩm'!$A$2:$A$6228,'Thông tin về sản phẩm'!$AI$2:$AI$6228),"") -> 200 | AC29: =IFERROR(_xlfn.XLOOKUP($C29,'Thông tin về sản phẩm'!$A$2:$A$6228,'Thông tin về sản phẩm'!$AJ$2:$AJ$6228),"") -> 100 | AD29: =IFERROR(_xlfn.XLOOKUP($C29,'Thông tin về sản phẩm'!$A$2:$A$6228,'Thông tin về sản phẩm'!$AK$2:$AK$6228),"") -> 8 | AE29: =IFERROR(_xlfn.XLOOKUP($C29,'Thông tin về sản phẩm'!$A$2:$A$6228,'Thông tin về sản phẩm'!$AL$2:$AL$6228),"") -> MM | AF29: =IFERROR(_xlfn.XLOOKUP($C29,'Thông tin về sản phẩm'!$A$2:$A$6228,'Thông tin về sản phẩm'!$AM$2:$AM$6228),"") -> NSX | AG29: =IFERROR(_xlfn.XLOOKUP($C29,'Thông tin về sản phẩm'!$A$2:$A$6228,'Thông tin về sản phẩm'!$AY$2:$AY$6228),"") -> Gạch CER Ốp_Tường | AH29: =IFERROR(_xlfn.XLOOKUP($C29,'Thông tin về sản phẩm'!$A$2:$A$6228,'Thông tin về sản phẩm'!$AZ$2:$AZ$6228),"") -> 4. Tiềm năng
A30: CERAMIC | B30: 100x200 | C30: 10000307 | D30: 311020COLOUR006 | E30: CER 100x200, 1020COLOUR006, AA | F30: 1020COLOUR006 | G30: MỜ | I30: Sale | J30: 391000 | K30: 312800 | L30: 324530 | M30: 265900 | N30: 277600 | O30: 0.2 | P30: 0.17 | Q30: 🔥 Sale tháng (CT1 – TB 169) | R30: 252605 | S30: 277600 | T30: 0.35395141 | U30: =IFERROR(_xlfn.XLOOKUP($C30,'Thông tin về sản phẩm'!$A$2:$A$6228,'Thông tin về sản phẩm'!$F$2:$F$6228),"") -> GẠCH, CER 100x200, 1020COLOUR006, Loại AA (L1) | V30: =IFERROR(_xlfn.XLOOKUP($C30,'Thông tin về sản phẩm'!$A$2:$A$6228,'Thông tin về sản phẩm'!$S$2:$S$6228),"") -> ỐP_TƯỜNG | W30: =IFERROR(_xlfn.XLOOKUP($C30,'Thông tin về sản phẩm'!$A$2:$A$6228,'Thông tin về sản phẩm'!$Y$2:$Y$6228),"") -> VÀNG | X30: =IFERROR(_xlfn.XLOOKUP($C30,'Thông tin về sản phẩm'!$A$2:$A$6228,'Thông tin về sản phẩm'!$AA$2:$AA$6228),"") -> ĐẶC_THÙ | Y30: =IFERROR(_xlfn.XLOOKUP($C30,'Thông tin về sản phẩm'!$A$2:$A$6228,'Thông tin về sản phẩm'!$AC$2:$AC$6228),"") -> KHÔNG_HOA_VĂN | Z30: =IFERROR(_xlfn.XLOOKUP($C30,'Thông tin về sản phẩm'!$A$2:$A$6228,'Thông tin về sản phẩm'!$AD$2:$AD$6228),"") -> 0.302 | AA30: =IFERROR(_xlfn.XLOOKUP($C30,'Thông tin về sản phẩm'!$A$2:$A$6228,'Thông tin về sản phẩm'!$I$2:$I$6228),"") -> VIE | AB30: =IFERROR(_xlfn.XLOOKUP($C30,'Thông tin về sản phẩm'!$A$2:$A$6228,'Thông tin về sản phẩm'!$AI$2:$AI$6228),"") -> 200 | AC30: =IFERROR(_xlfn.XLOOKUP($C30,'Thông tin về sản phẩm'!$A$2:$A$6228,'Thông tin về sản phẩm'!$AJ$2:$AJ$6228),"") -> 100 | AD30: =IFERROR(_xlfn.XLOOKUP($C30,'Thông tin về sản phẩm'!$A$2:$A$6228,'Thông tin về sản phẩm'!$AK$2:$AK$6228),"") -> 8 | AE30: =IFERROR(_xlfn.XLOOKUP($C30,'Thông tin về sản phẩm'!$A$2:$A$6228,'Thông tin về sản phẩm'!$AL$2:$AL$6228),"") -> MM | AF30: =IFERROR(_xlfn.XLOOKUP($C30,'Thông tin về sản phẩm'!$A$2:$A$6228,'Thông tin về sản phẩm'!$AM$2:$AM$6228),"") -> NSX | AG30: =IFERROR(_xlfn.XLOOKUP($C30,'Thông tin về sản phẩm'!$A$2:$A$6228,'Thông tin về sản phẩm'!$AY$2:$AY$6228),"") -> Gạch CER Ốp_Tường | AH30: =IFERROR(_xlfn.XLOOKUP($C30,'Thông tin về sản phẩm'!$A$2:$A$6228,'Thông tin về sản phẩm'!$AZ$2:$AZ$6228),"") -> 4. Tiềm năng
A31: CERAMIC | B31: 100x200 | C31: 10000068 | D31: 311020COLOUR003 | E31: CER 100x200, 1020COLOUR003, AA | F31: 1020COLOUR003 | G31: BÓNG | I31: Sale | J31: 391000 | K31: 312800 | L31: 324530 | M31: 265900 | N31: 277600 | O31: 0.2 | P31: 0.17 | Q31: 📦 Xả kho (CT2 – TB 173) | R31: 252605 | S31: 277600 | T31: 0.35395141 | U31: =IFERROR(_xlfn.XLOOKUP($C31,'Thông tin về sản phẩm'!$A$2:$A$6228,'Thông tin về sản phẩm'!$F$2:$F$6228),"") -> GẠCH, CER 100x200, 1020COLOUR003, Loại AA (L1) | V31: =IFERROR(_xlfn.XLOOKUP($C31,'Thông tin về sản phẩm'!$A$2:$A$6228,'Thông tin về sản phẩm'!$S$2:$S$6228),"") -> ỐP_TƯỜNG | W31: =IFERROR(_xlfn.XLOOKUP($C31,'Thông tin về sản phẩm'!$A$2:$A$6228,'Thông tin về sản phẩm'!$Y$2:$Y$6228),"") -> TRẮNG | X31: =IFERROR(_xlfn.XLOOKUP($C31,'Thông tin về sản phẩm'!$A$2:$A$6228,'Thông tin về sản phẩm'!$AA$2:$AA$6228),"") -> ĐẶC_THÙ | Y31: =IFERROR(_xlfn.XLOOKUP($C31,'Thông tin về sản phẩm'!$A$2:$A$6228,'Thông tin về sản phẩm'!$AC$2:$AC$6228),"") -> KHÔNG_HOA_VĂN | Z31: =IFERROR(_xlfn.XLOOKUP($C31,'Thông tin về sản phẩm'!$A$2:$A$6228,'Thông tin về sản phẩm'!$AD$2:$AD$6228),"") -> 0.287 | AA31: =IFERROR(_xlfn.XLOOKUP($C31,'Thông tin về sản phẩm'!$A$2:$A$6228,'Thông tin về sản phẩm'!$I$2:$I$6228),"") -> VIE | AB31: =IFERROR(_xlfn.XLOOKUP($C31,'Thông tin về sản phẩm'!$A$2:$A$6228,'Thông tin về sản phẩm'!$AI$2:$AI$6228),"") -> 200 | AC31: =IFERROR(_xlfn.XLOOKUP($C31,'Thông tin về sản phẩm'!$A$2:$A$6228,'Thông tin về sản phẩm'!$AJ$2:$AJ$6228),"") -> 100 | AD31: =IFERROR(_xlfn.XLOOKUP($C31,'Thông tin về sản phẩm'!$A$2:$A$6228,'Thông tin về sản phẩm'!$AK$2:$AK$6228),"") -> 8 | AE31: =IFERROR(_xlfn.XLOOKUP($C31,'Thông tin về sản phẩm'!$A$2:$A$6228,'Thông tin về sản phẩm'!$AL$2:$AL$6228),"") -> MM | AF31: =IFERROR(_xlfn.XLOOKUP($C31,'Thông tin về sản phẩm'!$A$2:$A$6228,'Thông tin về sản phẩm'!$AM$2:$AM$6228),"") -> NSX | AG31: =IFERROR(_xlfn.XLOOKUP($C31,'Thông tin về sản phẩm'!$A$2:$A$6228,'Thông tin về sản phẩm'!$AY$2:$AY$6228),"") -> Gạch CER Ốp_Tường | AH31: =IFERROR(_xlfn.XLOOKUP($C31,'Thông tin về sản phẩm'!$A$2:$A$6228,'Thông tin về sản phẩm'!$AZ$2:$AZ$6228),"") -> 5. Cơ bản
A32: CERAMIC | B32: 100x200 | C32: 10000069 | D32: 311020COLOUR016 | E32: CER 100x200, 1020COLOUR016, AA | F32: 1020COLOUR016 | G32: MỜ | I32: Sale | J32: 470000 | K32: 376000 | L32: 390100 | M32: 319600 | N32: 333700 | O32: 0.2 | P32: 0.17 | Q32: 🔥 Sale tháng (CT1 – TB 169) | R32: 303620 | S32: 333700 | T32: 0.354 | U32: =IFERROR(_xlfn.XLOOKUP($C32,'Thông tin về sản phẩm'!$A$2:$A$6228,'Thông tin về sản phẩm'!$F$2:$F$6228),"") -> GẠCH, CER 100x200, 1020COLOUR016, Loại AA (L1) | V32: =IFERROR(_xlfn.XLOOKUP($C32,'Thông tin về sản phẩm'!$A$2:$A$6228,'Thông tin về sản phẩm'!$S$2:$S$6228),"") -> ỐP_TƯỜNG | W32: =IFERROR(_xlfn.XLOOKUP($C32,'Thông tin về sản phẩm'!$A$2:$A$6228,'Thông tin về sản phẩm'!$Y$2:$Y$6228),"") -> ĐEN | X32: =IFERROR(_xlfn.XLOOKUP($C32,'Thông tin về sản phẩm'!$A$2:$A$6228,'Thông tin về sản phẩm'!$AA$2:$AA$6228),"") -> ĐẶC_THÙ | Y32: =IFERROR(_xlfn.XLOOKUP($C32,'Thông tin về sản phẩm'!$A$2:$A$6228,'Thông tin về sản phẩm'!$AC$2:$AC$6228),"") -> KHÔNG_HOA_VĂN | Z32: =IFERROR(_xlfn.XLOOKUP($C32,'Thông tin về sản phẩm'!$A$2:$A$6228,'Thông tin về sản phẩm'!$AD$2:$AD$6228),"") -> 0.301 | AA32: =IFERROR(_xlfn.XLOOKUP($C32,'Thông tin về sản phẩm'!$A$2:$A$6228,'Thông tin về sản phẩm'!$I$2:$I$6228),"") -> VIE | AB32: =IFERROR(_xlfn.XLOOKUP($C32,'Thông tin về sản phẩm'!$A$2:$A$6228,'Thông tin về sản phẩm'!$AI$2:$AI$6228),"") -> 200 | AC32: =IFERROR(_xlfn.XLOOKUP($C32,'Thông tin về sản phẩm'!$A$2:$A$6228,'Thông tin về sản phẩm'!$AJ$2:$AJ$6228),"") -> 100 | AD32: =IFERROR(_xlfn.XLOOKUP($C32,'Thông tin về sản phẩm'!$A$2:$A$6228,'Thông tin về sản phẩm'!$AK$2:$AK$6228),"") -> 8 | AE32: =IFERROR(_xlfn.XLOOKUP($C32,'Thông tin về sản phẩm'!$A$2:$A$6228,'Thông tin về sản phẩm'!$AL$2:$AL$6228),"") -> MM | AF32: =IFERROR(_xlfn.XLOOKUP($C32,'Thông tin về sản phẩm'!$A$2:$A$6228,'Thông tin về sản phẩm'!$AM$2:$AM$6228),"") -> NSX | AG32: =IFERROR(_xlfn.XLOOKUP($C32,'Thông tin về sản phẩm'!$A$2:$A$6228,'Thông tin về sản phẩm'!$AY$2:$AY$6228),"") -> Gạch CER Ốp_Tường | AH32: =IFERROR(_xlfn.XLOOKUP($C32,'Thông tin về sản phẩm'!$A$2:$A$6228,'Thông tin về sản phẩm'!$AZ$2:$AZ$6228),"") -> 4. Tiềm năng
A33: CERAMIC | B33: 100x200 | C33: 10000182 | D33: 311020COLOUR010 | E33: CER 100x200, 1020COLOUR010, AA | F33: 1020COLOUR010 | G33: MỜ | I33: Sale | J33: 470000 | K33: 376000 | L33: 390100 | M33: 319600 | N33: 333700 | O33: 0.2 | P33: 0.17 | Q33: 📦 Xả kho (CT2 – TB 173) | R33: 303620 | S33: 333700 | T33: 0.354 | U33: =IFERROR(_xlfn.XLOOKUP($C33,'Thông tin về sản phẩm'!$A$2:$A$6228,'Thông tin về sản phẩm'!$F$2:$F$6228),"") -> GẠCH, CER 100x200, 1020COLOUR010, Loại AA (L1) | V33: =IFERROR(_xlfn.XLOOKUP($C33,'Thông tin về sản phẩm'!$A$2:$A$6228,'Thông tin về sản phẩm'!$S$2:$S$6228),"") -> ỐP_TƯỜNG | W33: =IFERROR(_xlfn.XLOOKUP($C33,'Thông tin về sản phẩm'!$A$2:$A$6228,'Thông tin về sản phẩm'!$Y$2:$Y$6228),"") -> XANH_DƯƠNG | X33: =IFERROR(_xlfn.XLOOKUP($C33,'Thông tin về sản phẩm'!$A$2:$A$6228,'Thông tin về sản phẩm'!$AA$2:$AA$6228),"") -> ĐẶC_THÙ | Y33: =IFERROR(_xlfn.XLOOKUP($C33,'Thông tin về sản phẩm'!$A$2:$A$6228,'Thông tin về sản phẩm'!$AC$2:$AC$6228),"") -> KHÔNG_HOA_VĂN | Z33: =IFERROR(_xlfn.XLOOKUP($C33,'Thông tin về sản phẩm'!$A$2:$A$6228,'Thông tin về sản phẩm'!$AD$2:$AD$6228),"") -> 0.301 | AA33: =IFERROR(_xlfn.XLOOKUP($C33,'Thông tin về sản phẩm'!$A$2:$A$6228,'Thông tin về sản phẩm'!$I$2:$I$6228),"") -> VIE | AB33: =IFERROR(_xlfn.XLOOKUP($C33,'Thông tin về sản phẩm'!$A$2:$A$6228,'Thông tin về sản phẩm'!$AI$2:$AI$6228),"") -> 200 | AC33: =IFERROR(_xlfn.XLOOKUP($C33,'Thông tin về sản phẩm'!$A$2:$A$6228,'Thông tin về sản phẩm'!$AJ$2:$AJ$6228),"") -> 100 | AD33: =IFERROR(_xlfn.XLOOKUP($C33,'Thông tin về sản phẩm'!$A$2:$A$6228,'Thông tin về sản phẩm'!$AK$2:$AK$6228),"") -> 8 | AE33: =IFERROR(_xlfn.XLOOKUP($C33,'Thông tin về sản phẩm'!$A$2:$A$6228,'Thông tin về sản phẩm'!$AL$2:$AL$6228),"") -> MM | AF33: =IFERROR(_xlfn.XLOOKUP($C33,'Thông tin về sản phẩm'!$A$2:$A$6228,'Thông tin về sản phẩm'!$AM$2:$AM$6228),"") -> NSX | AG33: =IFERROR(_xlfn.XLOOKUP($C33,'Thông tin về sản phẩm'!$A$2:$A$6228,'Thông tin về sản phẩm'!$AY$2:$AY$6228),"") -> Gạch CER Ốp_Tường | AH33: =IFERROR(_xlfn.XLOOKUP($C33,'Thông tin về sản phẩm'!$A$2:$A$6228,'Thông tin về sản phẩm'!$AZ$2:$AZ$6228),"") -> 5. Cơ bản
A34: CERAMIC | B34: 100x200 | C34: 10000183 | D34: 311020COLOUR013 | E34: CER 100x200, 1020COLOUR013, AA | F34: 1020COLOUR013 | G34: BÓNG | I34: Sale | J34: 391000 | K34: 312800 | L34: 324530 | M34: 265900 | N34: 277600 | O34: 0.2 | P34: 0.17 | Q34: 📦 Xả kho (CT2 – TB 173) | R34: 252605 | S34: 277600 | T34: 0.35395141 | U34: =IFERROR(_xlfn.XLOOKUP($C34,'Thông tin về sản phẩm'!$A$2:$A$6228,'Thông tin về sản phẩm'!$F$2:$F$6228),"") -> GẠCH, CER 100x200, 1020COLOUR013, Loại AA (L1) | V34: =IFERROR(_xlfn.XLOOKUP($C34,'Thông tin về sản phẩm'!$A$2:$A$6228,'Thông tin về sản phẩm'!$S$2:$S$6228),"") -> ỐP_TƯỜNG | W34: =IFERROR(_xlfn.XLOOKUP($C34,'Thông tin về sản phẩm'!$A$2:$A$6228,'Thông tin về sản phẩm'!$Y$2:$Y$6228),"") -> XANH_DƯƠNG | X34: =IFERROR(_xlfn.XLOOKUP($C34,'Thông tin về sản phẩm'!$A$2:$A$6228,'Thông tin về sản phẩm'!$AA$2:$AA$6228),"") -> ĐẶC_THÙ | Y34: =IFERROR(_xlfn.XLOOKUP($C34,'Thông tin về sản phẩm'!$A$2:$A$6228,'Thông tin về sản phẩm'!$AC$2:$AC$6228),"") -> KHÔNG_HOA_VĂN | Z34: =IFERROR(_xlfn.XLOOKUP($C34,'Thông tin về sản phẩm'!$A$2:$A$6228,'Thông tin về sản phẩm'!$AD$2:$AD$6228),"") -> 0.282 | AA34: =IFERROR(_xlfn.XLOOKUP($C34,'Thông tin về sản phẩm'!$A$2:$A$6228,'Thông tin về sản phẩm'!$I$2:$I$6228),"") -> VIE | AB34: =IFERROR(_xlfn.XLOOKUP($C34,'Thông tin về sản phẩm'!$A$2:$A$6228,'Thông tin về sản phẩm'!$AI$2:$AI$6228),"") -> 200 | AC34: =IFERROR(_xlfn.XLOOKUP($C34,'Thông tin về sản phẩm'!$A$2:$A$6228,'Thông tin về sản phẩm'!$AJ$2:$AJ$6228),"") -> 100 | AD34: =IFERROR(_xlfn.XLOOKUP($C34,'Thông tin về sản phẩm'!$A$2:$A$6228,'Thông tin về sản phẩm'!$AK$2:$AK$6228),"") -> 8 | AE34: =IFERROR(_xlfn.XLOOKUP($C34,'Thông tin về sản phẩm'!$A$2:$A$6228,'Thông tin về sản phẩm'!$AL$2:$AL$6228),"") -> MM | AF34: =IFERROR(_xlfn.XLOOKUP($C34,'Thông tin về sản phẩm'!$A$2:$A$6228,'Thông tin về sản phẩm'!$AM$2:$AM$6228),"") -> BM | AG34: =IFERROR(_xlfn.XLOOKUP($C34,'Thông tin về sản phẩm'!$A$2:$A$6228,'Thông tin về sản phẩm'!$AY$2:$AY$6228),"") -> Gạch CER Ốp_Tường | AH34: =IFERROR(_xlfn.XLOOKUP($C34,'Thông tin về sản phẩm'!$A$2:$A$6228,'Thông tin về sản phẩm'!$AZ$2:$AZ$6228),"") -> 5. Cơ bản
A35: CERAMIC | B35: 100x200 | C35: 10000184 | D35: 311020COLOUR018 | E35: CER 100x200, 1020COLOUR018, AA | F35: 1020COLOUR018 | G35: BÓNG | I35: Sale | J35: 391000 | K35: 312800 | L35: 324530 | M35: 265900 | N35: 277600 | O35: 0.2 | P35: 0.17 | Q35: 📦 Xả kho (CT2 – TB 173) | R35: 252605 | S35: 277600 | T35: 0.35395141 | U35: =IFERROR(_xlfn.XLOOKUP($C35,'Thông tin về sản phẩm'!$A$2:$A$6228,'Thông tin về sản phẩm'!$F$2:$F$6228),"") -> GẠCH, CER 100x200, 1020COLOUR018, Loại AA (L1) | V35: =IFERROR(_xlfn.XLOOKUP($C35,'Thông tin về sản phẩm'!$A$2:$A$6228,'Thông tin về sản phẩm'!$S$2:$S$6228),"") -> ỐP_TƯỜNG | W35: =IFERROR(_xlfn.XLOOKUP($C35,'Thông tin về sản phẩm'!$A$2:$A$6228,'Thông tin về sản phẩm'!$Y$2:$Y$6228),"") -> XANH_LÁ | X35: =IFERROR(_xlfn.XLOOKUP($C35,'Thông tin về sản phẩm'!$A$2:$A$6228,'Thông tin về sản phẩm'!$AA$2:$AA$6228),"") -> ĐẶC_THÙ | Y35: =IFERROR(_xlfn.XLOOKUP($C35,'Thông tin về sản phẩm'!$A$2:$A$6228,'Thông tin về sản phẩm'!$AC$2:$AC$6228),"") -> KHÔNG_HOA_VĂN | Z35: =IFERROR(_xlfn.XLOOKUP($C35,'Thông tin về sản phẩm'!$A$2:$A$6228,'Thông tin về sản phẩm'!$AD$2:$AD$6228),"") -> 0.284 | AA35: =IFERROR(_xlfn.XLOOKUP($C35,'Thông tin về sản phẩm'!$A$2:$A$6228,'Thông tin về sản phẩm'!$I$2:$I$6228),"") -> VIE | AB35: =IFERROR(_xlfn.XLOOKUP($C35,'Thông tin về sản phẩm'!$A$2:$A$6228,'Thông tin về sản phẩm'!$AI$2:$AI$6228),"") -> 200 | AC35: =IFERROR(_xlfn.XLOOKUP($C35,'Thông tin về sản phẩm'!$A$2:$A$6228,'Thông tin về sản phẩm'!$AJ$2:$AJ$6228),"") -> 100 | AD35: =IFERROR(_xlfn.XLOOKUP($C35,'Thông tin về sản phẩm'!$A$2:$A$6228,'Thông tin về sản phẩm'!$AK$2:$AK$6228),"") -> 8 | AE35: =IFERROR(_xlfn.XLOOKUP($C35,'Thông tin về sản phẩm'!$A$2:$A$6228,'Thông tin về sản phẩm'!$AL$2:$AL$6228),"") -> MM | AF35: =IFERROR(_xlfn.XLOOKUP($C35,'Thông tin về sản phẩm'!$A$2:$A$6228,'Thông tin về sản phẩm'!$AM$2:$AM$6228),"") -> NSX | AG35: =IFERROR(_xlfn.XLOOKUP($C35,'Thông tin về sản phẩm'!$A$2:$A$6228,'Thông tin về sản phẩm'!$AY$2:$AY$6228),"") -> Gạch CER Ốp_Tường | AH35: =IFERROR(_xlfn.XLOOKUP($C35,'Thông tin về sản phẩm'!$A$2:$A$6228,'Thông tin về sản phẩm'!$AZ$2:$AZ$6228),"") -> 5. Cơ bản
... A37: CERAMIC | B37: 100x200 | C37: 10000526 | D37: 311020MNDA001 | E37: CER 100x200, 1020MNDA001, AA | F37: 1020MNDA001 | G37: BÓNG | I37: Sale | J37: 216000 | K37: 172800 | L37: 179280 | M37: 146900 | N37: 153400 | O37: 0.2 | P37: 0.17 | Q37: 📦 Xả kho (CT2 – TB 173) | R37: 139555 | S37: 153400 | T37: 0.35391204 | U37: =IFERROR(_xlfn.XLOOKUP($C37,'Thông tin về sản phẩm'!$A$2:$A$6228,'Thông tin về sản phẩm'!$F$2:$F$6228),"") -> GẠCH, CER 100x200, 1020MNDA001, Loại AA (L1) | V37: =IFERROR(_xlfn.XLOOKUP($C37,'Thông tin về sản phẩm'!$A$2:$A$6228,'Thông tin về sản phẩm'!$S$2:$S$6228),"") -> ỐP_TƯỜNG | W37: =IFERROR(_xlfn.XLOOKUP($C37,'Thông tin về sản phẩm'!$A$2:$A$6228,'Thông tin về sản phẩm'!$Y$2:$Y$6228),"") -> TRẮNG | X37: =IFERROR(_xlfn.XLOOKUP($C37,'Thông tin về sản phẩm'!$A$2:$A$6228,'Thông tin về sản phẩm'!$AA$2:$AA$6228),"") -> ĐẶC_THÙ | Y37: =IFERROR(_xlfn.XLOOKUP($C37,'Thông tin về sản phẩm'!$A$2:$A$6228,'Thông tin về sản phẩm'!$AC$2:$AC$6228),"") -> KHÔNG_HOA_VĂN | Z37: =IFERROR(_xlfn.XLOOKUP($C37,'Thông tin về sản phẩm'!$A$2:$A$6228,'Thông tin về sản phẩm'!$AD$2:$AD$6228),"") -> 0.348 | AA37: =IFERROR(_xlfn.XLOOKUP($C37,'Thông tin về sản phẩm'!$A$2:$A$6228,'Thông tin về sản phẩm'!$I$2:$I$6228),"") -> VIE | AB37: =IFERROR(_xlfn.XLOOKUP($C37,'Thông tin về sản phẩm'!$A$2:$A$6228,'Thông tin về sản phẩm'!$AI$2:$AI$6228),"") -> 200 | AC37: =IFERROR(_xlfn.XLOOKUP($C37,'Thông tin về sản phẩm'!$A$2:$A$6228,'Thông tin về sản phẩm'!$AJ$2:$AJ$6228),"") -> 100 | AD37: =IFERROR(_xlfn.XLOOKUP($C37,'Thông tin về sản phẩm'!$A$2:$A$6228,'Thông tin về sản phẩm'!$AK$2:$AK$6228),"") -> 8 | AE37: =IFERROR(_xlfn.XLOOKUP($C37,'Thông tin về sản phẩm'!$A$2:$A$6228,'Thông tin về sản phẩm'!$AL$2:$AL$6228),"") -> MM | AF37: =IFERROR(_xlfn.XLOOKUP($C37,'Thông tin về sản phẩm'!$A$2:$A$6228,'Thông tin về sản phẩm'!$AM$2:$AM$6228),"") -> BM | AG37: =IFERROR(_xlfn.XLOOKUP($C37,'Thông tin về sản phẩm'!$A$2:$A$6228,'Thông tin về sản phẩm'!$AY$2:$AY$6228),"") -> Gạch CER Ốp_Tường | AH37: =IFERROR(_xlfn.XLOOKUP($C37,'Thông tin về sản phẩm'!$A$2:$A$6228,'Thông tin về sản phẩm'!$AZ$2:$AZ$6228),"") -> 5. Cơ bản
A38: CERAMIC | B38: 100x200 | C38: 10006304 | D38: 311020ROCK011 | E38: CER 100x200, 1020ROCK011, AA | F38: 1020ROCK011 | G38: MỜ | I38: ĐL | J38: 216000 | K38: 172800 | L38: 179280 | O38: 0.2 | P38: 0.17 | R38: 139555 | S38: 153400 | T38: 0.35391204 | U38: =IFERROR(_xlfn.XLOOKUP($C38,'Thông tin về sản phẩm'!$A$2:$A$6228,'Thông tin về sản phẩm'!$F$2:$F$6228),"") -> GẠCH, CER 100x200, 1020ROCK011, Loại AA (L1) | V38: =IFERROR(_xlfn.XLOOKUP($C38,'Thông tin về sản phẩm'!$A$2:$A$6228,'Thông tin về sản phẩm'!$S$2:$S$6228),"") -> ỐP_TƯỜNG | W38: =IFERROR(_xlfn.XLOOKUP($C38,'Thông tin về sản phẩm'!$A$2:$A$6228,'Thông tin về sản phẩm'!$Y$2:$Y$6228),"") -> ĐEN | X38: =IFERROR(_xlfn.XLOOKUP($C38,'Thông tin về sản phẩm'!$A$2:$A$6228,'Thông tin về sản phẩm'!$AA$2:$AA$6228),"") -> ĐẶC_THÙ | Y38: =IFERROR(_xlfn.XLOOKUP($C38,'Thông tin về sản phẩm'!$A$2:$A$6228,'Thông tin về sản phẩm'!$AC$2:$AC$6228),"") -> VÂN_ĐÁ | Z38: =IFERROR(_xlfn.XLOOKUP($C38,'Thông tin về sản phẩm'!$A$2:$A$6228,'Thông tin về sản phẩm'!$AD$2:$AD$6228),"") -> 0.308 | AA38: =IFERROR(_xlfn.XLOOKUP($C38,'Thông tin về sản phẩm'!$A$2:$A$6228,'Thông tin về sản phẩm'!$I$2:$I$6228),"") -> VIE | AB38: =IFERROR(_xlfn.XLOOKUP($C38,'Thông tin về sản phẩm'!$A$2:$A$6228,'Thông tin về sản phẩm'!$AI$2:$AI$6228),"") -> 200 | AC38: =IFERROR(_xlfn.XLOOKUP($C38,'Thông tin về sản phẩm'!$A$2:$A$6228,'Thông tin về sản phẩm'!$AJ$2:$AJ$6228),"") -> 100 | AD38: =IFERROR(_xlfn.XLOOKUP($C38,'Thông tin về sản phẩm'!$A$2:$A$6228,'Thông tin về sản phẩm'!$AK$2:$AK$6228),"") -> 8 | AE38: =IFERROR(_xlfn.XLOOKUP($C38,'Thông tin về sản phẩm'!$A$2:$A$6228,'Thông tin về sản phẩm'!$AL$2:$AL$6228),"") -> MM | AF38: =IFERROR(_xlfn.XLOOKUP($C38,'Thông tin về sản phẩm'!$A$2:$A$6228,'Thông tin về sản phẩm'!$AM$2:$AM$6228),"") -> MV_ | AG38: =IFERROR(_xlfn.XLOOKUP($C38,'Thông tin về sản phẩm'!$A$2:$A$6228,'Thông tin về sản phẩm'!$AY$2:$AY$6228),"") -> Gạch CER Ốp_Tường | AH38: =IFERROR(_xlfn.XLOOKUP($C38,'Thông tin về sản phẩm'!$A$2:$A$6228,'Thông tin về sản phẩm'!$AZ$2:$AZ$6228),"") -> 5. Cơ bản
A39: CERAMIC | B39: 100x200 | C39: 10006308 | D39: 311020ROCK015 | E39: CER 100x200, 1020ROCK015, AA | F39: 1020ROCK015 | G39: MỜ | I39: Sale | J39: 216000 | K39: 172800 | L39: 179280 | M39: 146900 | N39: 153400 | O39: 0.2 | P39: 0.17 | Q39: 📦 Xả kho (CT2 – TB 173) | R39: 139555 | S39: 153400 | T39: 0.35391204 | U39: =IFERROR(_xlfn.XLOOKUP($C39,'Thông tin về sản phẩm'!$A$2:$A$6228,'Thông tin về sản phẩm'!$F$2:$F$6228),"") -> GẠCH, CER 100x200, 1020ROCK015, Loại AA (L1) | V39: =IFERROR(_xlfn.XLOOKUP($C39,'Thông tin về sản phẩm'!$A$2:$A$6228,'Thông tin về sản phẩm'!$S$2:$S$6228),"") -> ỐP_TƯỜNG | W39: =IFERROR(_xlfn.XLOOKUP($C39,'Thông tin về sản phẩm'!$A$2:$A$6228,'Thông tin về sản phẩm'!$Y$2:$Y$6228),"") -> TRẮNG | X39: =IFERROR(_xlfn.XLOOKUP($C39,'Thông tin về sản phẩm'!$A$2:$A$6228,'Thông tin về sản phẩm'!$AA$2:$AA$6228),"") -> ĐẶC_THÙ | Y39: =IFERROR(_xlfn.XLOOKUP($C39,'Thông tin về sản phẩm'!$A$2:$A$6228,'Thông tin về sản phẩm'!$AC$2:$AC$6228),"") -> VÂN_ĐÁ | Z39: =IFERROR(_xlfn.XLOOKUP($C39,'Thông tin về sản phẩm'!$A$2:$A$6228,'Thông tin về sản phẩm'!$AD$2:$AD$6228),"") -> 0.308 | AA39: =IFERROR(_xlfn.XLOOKUP($C39,'Thông tin về sản phẩm'!$A$2:$A$6228,'Thông tin về sản phẩm'!$I$2:$I$6228),"") -> VIE | AB39: =IFERROR(_xlfn.XLOOKUP($C39,'Thông tin về sản phẩm'!$A$2:$A$6228,'Thông tin về sản phẩm'!$AI$2:$AI$6228),"") -> 200 | AC39: =IFERROR(_xlfn.XLOOKUP($C39,'Thông tin về sản phẩm'!$A$2:$A$6228,'Thông tin về sản phẩm'!$AJ$2:$AJ$6228),"") -> 100 | AD39: =IFERROR(_xlfn.XLOOKUP($C39,'Thông tin về sản phẩm'!$A$2:$A$6228,'Thông tin về sản phẩm'!$AK$2:$AK$6228),"") -> 8 | AE39: =IFERROR(_xlfn.XLOOKUP($C39,'Thông tin về sản phẩm'!$A$2:$A$6228,'Thông tin về sản phẩm'!$AL$2:$AL$6228),"") -> MM | AF39: =IFERROR(_xlfn.XLOOKUP($C39,'Thông tin về sản phẩm'!$A$2:$A$6228,'Thông tin về sản phẩm'!$AM$2:$AM$6228),"") -> MV_ | AG39: =IFERROR(_xlfn.XLOOKUP($C39,'Thông tin về sản phẩm'!$A$2:$A$6228,'Thông tin về sản phẩm'!$AY$2:$AY$6228),"") -> Gạch CER Ốp_Tường | AH39: =IFERROR(_xlfn.XLOOKUP($C39,'Thông tin về sản phẩm'!$A$2:$A$6228,'Thông tin về sản phẩm'!$AZ$2:$AZ$6228),"") -> 5. Cơ bản
A40: CERAMIC | B40: 100x200 | C40: 10000185 | D40: 311020MNDA002 | E40: CER 100x200, 1020MNDA002, AA | F40: 1020MNDA002 | G40: BÓNG | I40: Sale | J40: 216000 | K40: 172800 | L40: 179280 | M40: 146900 | N40: 153400 | O40: 0.2 | P40: 0.17 | Q40: 🔥 Sale tháng (CT1 – TB 169) | R40: 139555 | S40: 153400 | T40: 0.35391204 | U40: =IFERROR(_xlfn.XLOOKUP($C40,'Thông tin về sản phẩm'!$A$2:$A$6228,'Thông tin về sản phẩm'!$F$2:$F$6228),"") -> GẠCH, CER 100x200, 1020MNDA002, Loại AA (L1) | V40: =IFERROR(_xlfn.XLOOKUP($C40,'Thông tin về sản phẩm'!$A$2:$A$6228,'Thông tin về sản phẩm'!$S$2:$S$6228),"") -> ỐP_TƯỜNG | W40: =IFERROR(_xlfn.XLOOKUP($C40,'Thông tin về sản phẩm'!$A$2:$A$6228,'Thông tin về sản phẩm'!$Y$2:$Y$6228),"") -> XANH_DƯƠNG | X40: =IFERROR(_xlfn.XLOOKUP($C40,'Thông tin về sản phẩm'!$A$2:$A$6228,'Thông tin về sản phẩm'!$AA$2:$AA$6228),"") -> ĐẶC_THÙ | Y40: =IFERROR(_xlfn.XLOOKUP($C40,'Thông tin về sản phẩm'!$A$2:$A$6228,'Thông tin về sản phẩm'!$AC$2:$AC$6228),"") -> KHÔNG_HOA_VĂN | Z40: =IFERROR(_xlfn.XLOOKUP($C40,'Thông tin về sản phẩm'!$A$2:$A$6228,'Thông tin về sản phẩm'!$AD$2:$AD$6228),"") -> 0.345 | AA40: =IFERROR(_xlfn.XLOOKUP($C40,'Thông tin về sản phẩm'!$A$2:$A$6228,'Thông tin về sản phẩm'!$I$2:$I$6228),"") -> VIE | AB40: =IFERROR(_xlfn.XLOOKUP($C40,'Thông tin về sản phẩm'!$A$2:$A$6228,'Thông tin về sản phẩm'!$AI$2:$AI$6228),"") -> 200 | AC40: =IFERROR(_xlfn.XLOOKUP($C40,'Thông tin về sản phẩm'!$A$2:$A$6228,'Thông tin về sản phẩm'!$AJ$2:$AJ$6228),"") -> 100 | AD40: =IFERROR(_xlfn.XLOOKUP($C40,'Thông tin về sản phẩm'!$A$2:$A$6228,'Thông tin về sản phẩm'!$AK$2:$AK$6228),"") -> 8 | AE40: =IFERROR(_xlfn.XLOOKUP($C40,'Thông tin về sản phẩm'!$A$2:$A$6228,'Thông tin về sản phẩm'!$AL$2:$AL$6228),"") -> MM | AF40: =IFERROR(_xlfn.XLOOKUP($C40,'Thông tin về sản phẩm'!$A$2:$A$6228,'Thông tin về sản phẩm'!$AM$2:$AM$6228),"") -> BM | AG40: =IFERROR(_xlfn.XLOOKUP($C40,'Thông tin về sản phẩm'!$A$2:$A$6228,'Thông tin về sản phẩm'!$AY$2:$AY$6228),"") -> Gạch CER Ốp_Tường | AH40: =IFERROR(_xlfn.XLOOKUP($C40,'Thông tin về sản phẩm'!$A$2:$A$6228,'Thông tin về sản phẩm'!$AZ$2:$AZ$6228),"") -> 4. Tiềm năng
A41: CERAMIC | B41: 100x200 | C41: 10000128 | D41: 311020ROCK004 | E41: CER 100x200, 1020ROCK004, AA | F41: 1020ROCK004 | G41: MỜ | J41: 216000 | K41: 172800 | L41: 179280 | O41: 0.2 | P41: 0.17 | R41: 164160 | S41: 179280 | T41: 0.24 | U41: =IFERROR(_xlfn.XLOOKUP($C41,'Thông tin về sản phẩm'!$A$2:$A$6228,'Thông tin về sản phẩm'!$F$2:$F$6228),"") -> GẠCH, CER 100x200, 1020ROCK004, Loại AA (L1) | V41: =IFERROR(_xlfn.XLOOKUP($C41,'Thông tin về sản phẩm'!$A$2:$A$6228,'Thông tin về sản phẩm'!$S$2:$S$6228),"") -> ỐP_TƯỜNG | W41: =IFERROR(_xlfn.XLOOKUP($C41,'Thông tin về sản phẩm'!$A$2:$A$6228,'Thông tin về sản phẩm'!$Y$2:$Y$6228),"") -> XÁM | X41: =IFERROR(_xlfn.XLOOKUP($C41,'Thông tin về sản phẩm'!$A$2:$A$6228,'Thông tin về sản phẩm'!$AA$2:$AA$6228),"") -> ĐẶC_THÙ | Y41: =IFERROR(_xlfn.XLOOKUP($C41,'Thông tin về sản phẩm'!$A$2:$A$6228,'Thông tin về sản phẩm'!$AC$2:$AC$6228),"") -> VÂN_ĐÁ | Z41: =IFERROR(_xlfn.XLOOKUP($C41,'Thông tin về sản phẩm'!$A$2:$A$6228,'Thông tin về sản phẩm'!$AD$2:$AD$6228),"") -> 0.308 | AA41: =IFERROR(_xlfn.XLOOKUP($C41,'Thông tin về sản phẩm'!$A$2:$A$6228,'Thông tin về sản phẩm'!$I$2:$I$6228),"") -> VIE | AB41: =IFERROR(_xlfn.XLOOKUP($C41,'Thông tin về sản phẩm'!$A$2:$A$6228,'Thông tin về sản phẩm'!$AI$2:$AI$6228),"") -> 200 | AC41: =IFERROR(_xlfn.XLOOKUP($C41,'Thông tin về sản phẩm'!$A$2:$A$6228,'Thông tin về sản phẩm'!$AJ$2:$AJ$6228),"") -> 100 | AD41: =IFERROR(_xlfn.XLOOKUP($C41,'Thông tin về sản phẩm'!$A$2:$A$6228,'Thông tin về sản phẩm'!$AK$2:$AK$6228),"") -> 8 | AE41: =IFERROR(_xlfn.XLOOKUP($C41,'Thông tin về sản phẩm'!$A$2:$A$6228,'Thông tin về sản phẩm'!$AL$2:$AL$6228),"") -> MM | AF41: =IFERROR(_xlfn.XLOOKUP($C41,'Thông tin về sản phẩm'!$A$2:$A$6228,'Thông tin về sản phẩm'!$AM$2:$AM$6228),"") -> BM | AG41: =IFERROR(_xlfn.XLOOKUP($C41,'Thông tin về sản phẩm'!$A$2:$A$6228,'Thông tin về sản phẩm'!$AY$2:$AY$6228),"") -> Gạch CER Ốp_Tường | AH41: =IFERROR(_xlfn.XLOOKUP($C41,'Thông tin về sản phẩm'!$A$2:$A$6228,'Thông tin về sản phẩm'!$AZ$2:$AZ$6228),"") -> 5. Cơ bản
A42: CERAMIC | B42: 100x200 | C42: 10000188 | D42: 311020ROCK010 | E42: CER 100x200, 1020ROCK010, AA | F42: 1020ROCK010 | G42: MỜ | J42: 216000 | K42: 172800 | L42: 179280 | O42: 0.2 | P42: 0.17 | R42: 164160 | S42: 179280 | T42: 0.24 | U42: =IFERROR(_xlfn.XLOOKUP($C42,'Thông tin về sản phẩm'!$A$2:$A$6228,'Thông tin về sản phẩm'!$F$2:$F$6228),"") -> GẠCH, CER 100x200, 1020ROCK010, Loại AA (L1) | V42: =IFERROR(_xlfn.XLOOKUP($C42,'Thông tin về sản phẩm'!$A$2:$A$6228,'Thông tin về sản phẩm'!$S$2:$S$6228),"") -> ỐP_TƯỜNG | W42: =IFERROR(_xlfn.XLOOKUP($C42,'Thông tin về sản phẩm'!$A$2:$A$6228,'Thông tin về sản phẩm'!$Y$2:$Y$6228),"") -> XÁM | X42: =IFERROR(_xlfn.XLOOKUP($C42,'Thông tin về sản phẩm'!$A$2:$A$6228,'Thông tin về sản phẩm'!$AA$2:$AA$6228),"") -> ĐẶC_THÙ | Y42: =IFERROR(_xlfn.XLOOKUP($C42,'Thông tin về sản phẩm'!$A$2:$A$6228,'Thông tin về sản phẩm'!$AC$2:$AC$6228),"") -> VÂN_ĐÁ | Z42: =IFERROR(_xlfn.XLOOKUP($C42,'Thông tin về sản phẩm'!$A$2:$A$6228,'Thông tin về sản phẩm'!$AD$2:$AD$6228),"") -> 0.308 | AA42: =IFERROR(_xlfn.XLOOKUP($C42,'Thông tin về sản phẩm'!$A$2:$A$6228,'Thông tin về sản phẩm'!$I$2:$I$6228),"") -> VIE | AB42: =IFERROR(_xlfn.XLOOKUP($C42,'Thông tin về sản phẩm'!$A$2:$A$6228,'Thông tin về sản phẩm'!$AI$2:$AI$6228),"") -> 200 | AC42: =IFERROR(_xlfn.XLOOKUP($C42,'Thông tin về sản phẩm'!$A$2:$A$6228,'Thông tin về sản phẩm'!$AJ$2:$AJ$6228),"") -> 100 | AD42: =IFERROR(_xlfn.XLOOKUP($C42,'Thông tin về sản phẩm'!$A$2:$A$6228,'Thông tin về sản phẩm'!$AK$2:$AK$6228),"") -> 8 | AE42: =IFERROR(_xlfn.XLOOKUP($C42,'Thông tin về sản phẩm'!$A$2:$A$6228,'Thông tin về sản phẩm'!$AL$2:$AL$6228),"") -> MM | AF42: =IFERROR(_xlfn.XLOOKUP($C42,'Thông tin về sản phẩm'!$A$2:$A$6228,'Thông tin về sản phẩm'!$AM$2:$AM$6228),"") -> BM | AG42: =IFERROR(_xlfn.XLOOKUP($C42,'Thông tin về sản phẩm'!$A$2:$A$6228,'Thông tin về sản phẩm'!$AY$2:$AY$6228),"") -> Gạch CER Ốp_Tường | AH42: =IFERROR(_xlfn.XLOOKUP($C42,'Thông tin về sản phẩm'!$A$2:$A$6228,'Thông tin về sản phẩm'!$AZ$2:$AZ$6228),"") -> 5. Cơ bản
A43: CERAMIC | B43: 100x200 | C43: 10000367 | D43: 311020ROCK006 | E43: CER 100x200, 1020ROCK006, AA | F43: 1020ROCK006 | G43: MỜ | J43: 216000 | K43: 172800 | L43: 179280 | O43: 0.2 | P43: 0.17 | R43: 164160 | S43: 179280 | T43: 0.24 | U43: =IFERROR(_xlfn.XLOOKUP($C43,'Thông tin về sản phẩm'!$A$2:$A$6228,'Thông tin về sản phẩm'!$F$2:$F$6228),"") -> GẠCH, CER 100x200, 1020ROCK006, Loại AA (L1) | V43: =IFERROR(_xlfn.XLOOKUP($C43,'Thông tin về sản phẩm'!$A$2:$A$6228,'Thông tin về sản phẩm'!$S$2:$S$6228),"") -> ỐP_TƯỜNG | W43: =IFERROR(_xlfn.XLOOKUP($C43,'Thông tin về sản phẩm'!$A$2:$A$6228,'Thông tin về sản phẩm'!$Y$2:$Y$6228),"") -> XÁM_RÊU | X43: =IFERROR(_xlfn.XLOOKUP($C43,'Thông tin về sản phẩm'!$A$2:$A$6228,'Thông tin về sản phẩm'!$AA$2:$AA$6228),"") -> ĐẶC_THÙ | Y43: =IFERROR(_xlfn.XLOOKUP($C43,'Thông tin về sản phẩm'!$A$2:$A$6228,'Thông tin về sản phẩm'!$AC$2:$AC$6228),"") -> VÂN_ĐÁ | Z43: =IFERROR(_xlfn.XLOOKUP($C43,'Thông tin về sản phẩm'!$A$2:$A$6228,'Thông tin về sản phẩm'!$AD$2:$AD$6228),"") -> 0.308 | AA43: =IFERROR(_xlfn.XLOOKUP($C43,'Thông tin về sản phẩm'!$A$2:$A$6228,'Thông tin về sản phẩm'!$I$2:$I$6228),"") -> VIE | AB43: =IFERROR(_xlfn.XLOOKUP($C43,'Thông tin về sản phẩm'!$A$2:$A$6228,'Thông tin về sản phẩm'!$AI$2:$AI$6228),"") -> 200 | AC43: =IFERROR(_xlfn.XLOOKUP($C43,'Thông tin về sản phẩm'!$A$2:$A$6228,'Thông tin về sản phẩm'!$AJ$2:$AJ$6228),"") -> 100 | AD43: =IFERROR(_xlfn.XLOOKUP($C43,'Thông tin về sản phẩm'!$A$2:$A$6228,'Thông tin về sản phẩm'!$AK$2:$AK$6228),"") -> 8 | AE43: =IFERROR(_xlfn.XLOOKUP($C43,'Thông tin về sản phẩm'!$A$2:$A$6228,'Thông tin về sản phẩm'!$AL$2:$AL$6228),"") -> MM | AF43: =IFERROR(_xlfn.XLOOKUP($C43,'Thông tin về sản phẩm'!$A$2:$A$6228,'Thông tin về sản phẩm'!$AM$2:$AM$6228),"") -> BM | AG43: =IFERROR(_xlfn.XLOOKUP($C43,'Thông tin về sản phẩm'!$A$2:$A$6228,'Thông tin về sản phẩm'!$AY$2:$AY$6228),"") -> Gạch CER Ốp_Tường | AH43: =IFERROR(_xlfn.XLOOKUP($C43,'Thông tin về sản phẩm'!$A$2:$A$6228,'Thông tin về sản phẩm'!$AZ$2:$AZ$6228),"") -> 5. Cơ bản
A44: PORCELAIN | B44: 120x600 | C44: 10001186 | D44: 411260CLASSIC009 | E44: POR 120x600, 1260CLASSIC009, AA | F44: 1260CLASSIC009 | G44: MỜ | I44: Sale | J44: 329000 | K44: 263200 | L44: 273070 | M44: 223700 | N44: 233600 | O44: 0.2 | P44: 0.17 | Q44: 📦 Xả kho (CT2 – TB 173) | R44: 212515 | S44: 233600 | T44: 0.35405775 | U44: =IFERROR(_xlfn.XLOOKUP($C44,'Thông tin về sản phẩm'!$A$2:$A$6228,'Thông tin về sản phẩm'!$F$2:$F$6228),"") -> GẠCH, POR 120x600, 1260CLASSIC009, Loại AA (L1) | V44: =IFERROR(_xlfn.XLOOKUP($C44,'Thông tin về sản phẩm'!$A$2:$A$6228,'Thông tin về sản phẩm'!$S$2:$S$6228),"") -> TRANG_TRÍ | W44: =IFERROR(_xlfn.XLOOKUP($C44,'Thông tin về sản phẩm'!$A$2:$A$6228,'Thông tin về sản phẩm'!$Y$2:$Y$6228),"") -> XÁM | X44: =IFERROR(_xlfn.XLOOKUP($C44,'Thông tin về sản phẩm'!$A$2:$A$6228,'Thông tin về sản phẩm'!$AA$2:$AA$6228),"") -> ĐẶC_THÙ | Y44: =IFERROR(_xlfn.XLOOKUP($C44,'Thông tin về sản phẩm'!$A$2:$A$6228,'Thông tin về sản phẩm'!$AC$2:$AC$6228),"") -> VÂN_ĐÁ | Z44: =IFERROR(_xlfn.XLOOKUP($C44,'Thông tin về sản phẩm'!$A$2:$A$6228,'Thông tin về sản phẩm'!$AD$2:$AD$6228),"") -> 1.5 | AA44: =IFERROR(_xlfn.XLOOKUP($C44,'Thông tin về sản phẩm'!$A$2:$A$6228,'Thông tin về sản phẩm'!$I$2:$I$6228),"") -> VIE | AB44: =IFERROR(_xlfn.XLOOKUP($C44,'Thông tin về sản phẩm'!$A$2:$A$6228,'Thông tin về sản phẩm'!$AI$2:$AI$6228),"") -> 600 | AC44: =IFERROR(_xlfn.XLOOKUP($C44,'Thông tin về sản phẩm'!$A$2:$A$6228,'Thông tin về sản phẩm'!$AJ$2:$AJ$6228),"") -> 120 | AD44: =IFERROR(_xlfn.XLOOKUP($C44,'Thông tin về sản phẩm'!$A$2:$A$6228,'Thông tin về sản phẩm'!$AK$2:$AK$6228),"") -> 9.5 | AE44: =IFERROR(_xlfn.XLOOKUP($C44,'Thông tin về sản phẩm'!$A$2:$A$6228,'Thông tin về sản phẩm'!$AL$2:$AL$6228),"") -> MM | AF44: =IFERROR(_xlfn.XLOOKUP($C44,'Thông tin về sản phẩm'!$A$2:$A$6228,'Thông tin về sản phẩm'!$AM$2:$AM$6228),"") -> NSX | AG44: =IFERROR(_xlfn.XLOOKUP($C44,'Thông tin về sản phẩm'!$A$2:$A$6228,'Thông tin về sản phẩm'!$AY$2:$AY$6228),"") -> Gạch POR Trang_Trí | AH44: =IFERROR(_xlfn.XLOOKUP($C44,'Thông tin về sản phẩm'!$A$2:$A$6228,'Thông tin về sản phẩm'!$AZ$2:$AZ$6228),"") -> 5. Cơ bản
A45: PORCELAIN | B45: 130x800 | C45: 10003511 | D45: 41L1380DB032 | E45: POR 130x800, L1380DB032, AA | F45: L1380DB032 | G45: DOUBLE_CHARGE | I45: Sale | J45: 624000 | K45: 499200 | L45: 517920 | M45: 424300 | N45: 443000 | O45: 0.2 | P45: 0.17 | Q45: 📦 Xả kho (CT2 – TB 173) | R45: 403085 | S45: 443000 | T45: 0.35403045 | U45: =IFERROR(_xlfn.XLOOKUP($C45,'Thông tin về sản phẩm'!$A$2:$A$6228,'Thông tin về sản phẩm'!$F$2:$F$6228),"") -> GẠCH, POR 130x800, L1380DB032, Loại AA (L1) | V45: =IFERROR(_xlfn.XLOOKUP($C45,'Thông tin về sản phẩm'!$A$2:$A$6228,'Thông tin về sản phẩm'!$S$2:$S$6228),"") -> TRANG_TRÍ | W45: =IFERROR(_xlfn.XLOOKUP($C45,'Thông tin về sản phẩm'!$A$2:$A$6228,'Thông tin về sản phẩm'!$Y$2:$Y$6228),"") -> TRẮNG | X45: =IFERROR(_xlfn.XLOOKUP($C45,'Thông tin về sản phẩm'!$A$2:$A$6228,'Thông tin về sản phẩm'!$AA$2:$AA$6228),"") -> ĐẶC_THÙ | Y45: =IFERROR(_xlfn.XLOOKUP($C45,'Thông tin về sản phẩm'!$A$2:$A$6228,'Thông tin về sản phẩm'!$AC$2:$AC$6228),"") -> VÂN_ĐÁ | Z45: =IFERROR(_xlfn.XLOOKUP($C45,'Thông tin về sản phẩm'!$A$2:$A$6228,'Thông tin về sản phẩm'!$AD$2:$AD$6228),"") -> 2.62 | AA45: =IFERROR(_xlfn.XLOOKUP($C45,'Thông tin về sản phẩm'!$A$2:$A$6228,'Thông tin về sản phẩm'!$I$2:$I$6228),"") -> VIE | AB45: =IFERROR(_xlfn.XLOOKUP($C45,'Thông tin về sản phẩm'!$A$2:$A$6228,'Thông tin về sản phẩm'!$AI$2:$AI$6228),"") -> 800 | AC45: =IFERROR(_xlfn.XLOOKUP($C45,'Thông tin về sản phẩm'!$A$2:$A$6228,'Thông tin về sản phẩm'!$AJ$2:$AJ$6228),"") -> 130 | AD45: =IFERROR(_xlfn.XLOOKUP($C45,'Thông tin về sản phẩm'!$A$2:$A$6228,'Thông tin về sản phẩm'!$AK$2:$AK$6228),"") -> 10.5 | AE45: =IFERROR(_xlfn.XLOOKUP($C45,'Thông tin về sản phẩm'!$A$2:$A$6228,'Thông tin về sản phẩm'!$AL$2:$AL$6228),"") -> MM | AF45: =IFERROR(_xlfn.XLOOKUP($C45,'Thông tin về sản phẩm'!$A$2:$A$6228,'Thông tin về sản phẩm'!$AM$2:$AM$6228),"") -> NSX | AG45: =IFERROR(_xlfn.XLOOKUP($C45,'Thông tin về sản phẩm'!$A$2:$A$6228,'Thông tin về sản phẩm'!$AY$2:$AY$6228),"") -> Gạch POR Trang_Trí | AH45: =IFERROR(_xlfn.XLOOKUP($C45,'Thông tin về sản phẩm'!$A$2:$A$6228,'Thông tin về sản phẩm'!$AZ$2:$AZ$6228),"") -> 5. Cơ bản
A46: PORCELAIN | B46: 130x800 | C46: 10000938 | D46: 41DTD1380GOSAN002-FP | E46: POR 130x800, 1380GOSAN002-FP, AA | F46: DTD1380GOSAN002-FP | G46: FP | I46: Sale | J46: 558000 | K46: 446400 | L46: 463140 | M46: 379400 | N46: 396200 | O46: 0.2 | P46: 0.17 | Q46: 📦 Xả kho (CT2 – TB 173) | R46: 360430 | S46: 396200 | T46: 0.3540681 | U46: =IFERROR(_xlfn.XLOOKUP($C46,'Thông tin về sản phẩm'!$A$2:$A$6228,'Thông tin về sản phẩm'!$F$2:$F$6228),"") -> GẠCH, POR 130x800, DTD1380GOSAN002-FP, Loại AA (L1) | V46: =IFERROR(_xlfn.XLOOKUP($C46,'Thông tin về sản phẩm'!$A$2:$A$6228,'Thông tin về sản phẩm'!$S$2:$S$6228),"") -> ỐP_LÁT | W46: =IFERROR(_xlfn.XLOOKUP($C46,'Thông tin về sản phẩm'!$A$2:$A$6228,'Thông tin về sản phẩm'!$Y$2:$Y$6228),"") -> KEM | X46: =IFERROR(_xlfn.XLOOKUP($C46,'Thông tin về sản phẩm'!$A$2:$A$6228,'Thông tin về sản phẩm'!$AA$2:$AA$6228),"") -> ĐẶC_THÙ | Y46: =IFERROR(_xlfn.XLOOKUP($C46,'Thông tin về sản phẩm'!$A$2:$A$6228,'Thông tin về sản phẩm'!$AC$2:$AC$6228),"") -> VÂN_GỖ | Z46: =IFERROR(_xlfn.XLOOKUP($C46,'Thông tin về sản phẩm'!$A$2:$A$6228,'Thông tin về sản phẩm'!$AD$2:$AD$6228),"") -> 2.5 | AA46: =IFERROR(_xlfn.XLOOKUP($C46,'Thông tin về sản phẩm'!$A$2:$A$6228,'Thông tin về sản phẩm'!$I$2:$I$6228),"") -> VIE | AB46: =IFERROR(_xlfn.XLOOKUP($C46,'Thông tin về sản phẩm'!$A$2:$A$6228,'Thông tin về sản phẩm'!$AI$2:$AI$6228),"") -> 800 | AC46: =IFERROR(_xlfn.XLOOKUP($C46,'Thông tin về sản phẩm'!$A$2:$A$6228,'Thông tin về sản phẩm'!$AJ$2:$AJ$6228),"") -> 130 | AD46: =IFERROR(_xlfn.XLOOKUP($C46,'Thông tin về sản phẩm'!$A$2:$A$6228,'Thông tin về sản phẩm'!$AK$2:$AK$6228),"") -> 10.5 | AE46: =IFERROR(_xlfn.XLOOKUP($C46,'Thông tin về sản phẩm'!$A$2:$A$6228,'Thông tin về sản phẩm'!$AL$2:$AL$6228),"") -> MM | AF46: =IFERROR(_xlfn.XLOOKUP($C46,'Thông tin về sản phẩm'!$A$2:$A$6228,'Thông tin về sản phẩm'!$AM$2:$AM$6228),"") -> BM | AG46: =IFERROR(_xlfn.XLOOKUP($C46,'Thông tin về sản phẩm'!$A$2:$A$6228,'Thông tin về sản phẩm'!$AY$2:$AY$6228),"") -> Gạch POR Ốp_Lát | AH46: =IFERROR(_xlfn.XLOOKUP($C46,'Thông tin về sản phẩm'!$A$2:$A$6228,'Thông tin về sản phẩm'!$AZ$2:$AZ$6228),"") -> 5. Cơ bản
A47: PORCELAIN | B47: 130x800 | C47: 10001214 | D47: 41DTD1380GOSAN004 | E47: POR 130x800, 1380GOSAN004, AA | F47: DTD1380GOSAN004 | G47: FP | I47: Sale | J47: 355420 | M47: 273400 | N47: 285400 | Q47: 📦 Xả kho (CT2 – TB 173) | R47: 259730 | S47: 285400 | T47: 0.26923077 | U47: =IFERROR(_xlfn.XLOOKUP($C47,'Thông tin về sản phẩm'!$A$2:$A$6228,'Thông tin về sản phẩm'!$F$2:$F$6228),"") -> GẠCH, POR 130x800, DTD1380GOSAN004, Loại AA (L1) | V47: =IFERROR(_xlfn.XLOOKUP($C47,'Thông tin về sản phẩm'!$A$2:$A$6228,'Thông tin về sản phẩm'!$S$2:$S$6228),"") -> ỐP_LÁT | W47: =IFERROR(_xlfn.XLOOKUP($C47,'Thông tin về sản phẩm'!$A$2:$A$6228,'Thông tin về sản phẩm'!$Y$2:$Y$6228),"") -> KEM | X47: =IFERROR(_xlfn.XLOOKUP($C47,'Thông tin về sản phẩm'!$A$2:$A$6228,'Thông tin về sản phẩm'!$AA$2:$AA$6228),"") -> ĐẶC_THÙ | Y47: =IFERROR(_xlfn.XLOOKUP($C47,'Thông tin về sản phẩm'!$A$2:$A$6228,'Thông tin về sản phẩm'!$AC$2:$AC$6228),"") -> VÂN_GỖ | Z47: =IFERROR(_xlfn.XLOOKUP($C47,'Thông tin về sản phẩm'!$A$2:$A$6228,'Thông tin về sản phẩm'!$AD$2:$AD$6228),"") -> 2.53 | AA47: =IFERROR(_xlfn.XLOOKUP($C47,'Thông tin về sản phẩm'!$A$2:$A$6228,'Thông tin về sản phẩm'!$I$2:$I$6228),"") -> VIE | AB47: =IFERROR(_xlfn.XLOOKUP($C47,'Thông tin về sản phẩm'!$A$2:$A$6228,'Thông tin về sản phẩm'!$AI$2:$AI$6228),"") -> 800 | AC47: =IFERROR(_xlfn.XLOOKUP($C47,'Thông tin về sản phẩm'!$A$2:$A$6228,'Thông tin về sản phẩm'!$AJ$2:$AJ$6228),"") -> 130 | AD47: =IFERROR(_xlfn.XLOOKUP($C47,'Thông tin về sản phẩm'!$A$2:$A$6228,'Thông tin về sản phẩm'!$AK$2:$AK$6228),"") -> 10.5 | AE47: =IFERROR(_xlfn.XLOOKUP($C47,'Thông tin về sản phẩm'!$A$2:$A$6228,'Thông tin về sản phẩm'!$AL$2:$AL$6228),"") -> MM | AF47: =IFERROR(_xlfn.XLOOKUP($C47,'Thông tin về sản phẩm'!$A$2:$A$6228,'Thông tin về sản phẩm'!$AM$2:$AM$6228),"") -> BM | AG47: =IFERROR(_xlfn.XLOOKUP($C47,'Thông tin về sản phẩm'!$A$2:$A$6228,'Thông tin về sản phẩm'!$AY$2:$AY$6228),"") -> Gạch POR Ốp_Lát | AH47: =IFERROR(_xlfn.XLOOKUP($C47,'Thông tin về sản phẩm'!$A$2:$A$6228,'Thông tin về sản phẩm'!$AZ$2:$AZ$6228),"") -> 5. Cơ bản
A48: PORCELAIN | B48: 130x800 | C48: 10001261 | D48: 41DTD1380GOSAN001-FP | E48: POR 130x800, 1380GOSAN001-FP, AA | F48: DTD1380GOSAN001-FP | G48: FP | I48: Sale | J48: 558000 | K48: 446400 | L48: 463140 | M48: 379400 | N48: 396200 | O48: 0.2 | P48: 0.17 | Q48: 📦 Xả kho (CT2 – TB 173) | R48: 360430 | S48: 396200 | T48: 0.3540681 | U48: =IFERROR(_xlfn.XLOOKUP($C48,'Thông tin về sản phẩm'!$A$2:$A$6228,'Thông tin về sản phẩm'!$F$2:$F$6228),"") -> GẠCH, POR 130x800, DTD1380GOSAN001-FP, Loại AA (L1) | V48: =IFERROR(_xlfn.XLOOKUP($C48,'Thông tin về sản phẩm'!$A$2:$A$6228,'Thông tin về sản phẩm'!$S$2:$S$6228),"") -> ỐP_LÁT | W48: =IFERROR(_xlfn.XLOOKUP($C48,'Thông tin về sản phẩm'!$A$2:$A$6228,'Thông tin về sản phẩm'!$Y$2:$Y$6228),"") -> XÁM | X48: =IFERROR(_xlfn.XLOOKUP($C48,'Thông tin về sản phẩm'!$A$2:$A$6228,'Thông tin về sản phẩm'!$AA$2:$AA$6228),"") -> ĐẶC_THÙ | Y48: =IFERROR(_xlfn.XLOOKUP($C48,'Thông tin về sản phẩm'!$A$2:$A$6228,'Thông tin về sản phẩm'!$AC$2:$AC$6228),"") -> VÂN_GỖ | Z48: =IFERROR(_xlfn.XLOOKUP($C48,'Thông tin về sản phẩm'!$A$2:$A$6228,'Thông tin về sản phẩm'!$AD$2:$AD$6228),"") -> 2.63 | AA48: =IFERROR(_xlfn.XLOOKUP($C48,'Thông tin về sản phẩm'!$A$2:$A$6228,'Thông tin về sản phẩm'!$I$2:$I$6228),"") -> VIE | AB48: =IFERROR(_xlfn.XLOOKUP($C48,'Thông tin về sản phẩm'!$A$2:$A$6228,'Thông tin về sản phẩm'!$AI$2:$AI$6228),"") -> 800 | AC48: =IFERROR(_xlfn.XLOOKUP($C48,'Thông tin về sản phẩm'!$A$2:$A$6228,'Thông tin về sản phẩm'!$AJ$2:$AJ$6228),"") -> 130 | AD48: =IFERROR(_xlfn.XLOOKUP($C48,'Thông tin về sản phẩm'!$A$2:$A$6228,'Thông tin về sản phẩm'!$AK$2:$AK$6228),"") -> 10.5 | AE48: =IFERROR(_xlfn.XLOOKUP($C48,'Thông tin về sản phẩm'!$A$2:$A$6228,'Thông tin về sản phẩm'!$AL$2:$AL$6228),"") -> MM | AF48: =IFERROR(_xlfn.XLOOKUP($C48,'Thông tin về sản phẩm'!$A$2:$A$6228,'Thông tin về sản phẩm'!$AM$2:$AM$6228),"") -> BM | AG48: =IFERROR(_xlfn.XLOOKUP($C48,'Thông tin về sản phẩm'!$A$2:$A$6228,'Thông tin về sản phẩm'!$AY$2:$AY$6228),"") -> Gạch POR Ốp_Lát | AH48: =IFERROR(_xlfn.XLOOKUP($C48,'Thông tin về sản phẩm'!$A$2:$A$6228,'Thông tin về sản phẩm'!$AZ$2:$AZ$6228),"") -> 5. Cơ bản
A49: PORCELAIN | B49: 150x300 | C49: 10005805 | D49: 311530DIAMOND003 | E49: POR 150x300, 1530DIAMOND003, AA | F49: 1530DIAMOND003 | G49: MỜ | I49: Sale | J49: 313000 | K49: 250400 | L49: 259790 | M49: 212800 | N49: 222200 | O49: 0.2 | P49: 0.17 | Q49: 📦 Xả kho (CT2 – TB 173) | R49: 202160 | S49: 222200 | T49: 0.35412141 | U49: =IFERROR(_xlfn.XLOOKUP($C49,'Thông tin về sản phẩm'!$A$2:$A$6228,'Thông tin về sản phẩm'!$F$2:$F$6228),"") -> GẠCH, POR 150x300, 1530DIAMOND003, LOẠI AA (L1) | V49: =IFERROR(_xlfn.XLOOKUP($C49,'Thông tin về sản phẩm'!$A$2:$A$6228,'Thông tin về sản phẩm'!$S$2:$S$6228),"") -> ỐP_LÁT | W49: =IFERROR(_xlfn.XLOOKUP($C49,'Thông tin về sản phẩm'!$A$2:$A$6228,'Thông tin về sản phẩm'!$Y$2:$Y$6228),"") -> KEM | X49: =IFERROR(_xlfn.XLOOKUP($C49,'Thông tin về sản phẩm'!$A$2:$A$6228,'Thông tin về sản phẩm'!$AA$2:$AA$6228),"") -> ĐẶC_THÙ | Y49: =IFERROR(_xlfn.XLOOKUP($C49,'Thông tin về sản phẩm'!$A$2:$A$6228,'Thông tin về sản phẩm'!$AC$2:$AC$6228),"") -> VÂN_ĐÁ | Z49: =IFERROR(_xlfn.XLOOKUP($C49,'Thông tin về sản phẩm'!$A$2:$A$6228,'Thông tin về sản phẩm'!$AD$2:$AD$6228),"") -> 0.864 | AA49: =IFERROR(_xlfn.XLOOKUP($C49,'Thông tin về sản phẩm'!$A$2:$A$6228,'Thông tin về sản phẩm'!$I$2:$I$6228),"") -> VIE | AB49: =IFERROR(_xlfn.XLOOKUP($C49,'Thông tin về sản phẩm'!$A$2:$A$6228,'Thông tin về sản phẩm'!$AI$2:$AI$6228),"") -> 300 | AC49: =IFERROR(_xlfn.XLOOKUP($C49,'Thông tin về sản phẩm'!$A$2:$A$6228,'Thông tin về sản phẩm'!$AJ$2:$AJ$6228),"") -> 150 | AD49: =IFERROR(_xlfn.XLOOKUP($C49,'Thông tin về sản phẩm'!$A$2:$A$6228,'Thông tin về sản phẩm'!$AK$2:$AK$6228),"") -> 9 | AE49: =IFERROR(_xlfn.XLOOKUP($C49,'Thông tin về sản phẩm'!$A$2:$A$6228,'Thông tin về sản phẩm'!$AL$2:$AL$6228),"") -> MM | AF49: =IFERROR(_xlfn.XLOOKUP($C49,'Thông tin về sản phẩm'!$A$2:$A$6228,'Thông tin về sản phẩm'!$AM$2:$AM$6228),"") -> MV_ | AG49: =IFERROR(_xlfn.XLOOKUP($C49,'Thông tin về sản phẩm'!$A$2:$A$6228,'Thông tin về sản phẩm'!$AY$2:$AY$6228),"") -> Gạch POR Ốp_Lát | AH49: =IFERROR(_xlfn.XLOOKUP($C49,'Thông tin về sản phẩm'!$A$2:$A$6228,'Thông tin về sản phẩm'!$AZ$2:$AZ$6228),"") -> 5. Cơ bản
A50: PORCELAIN | B50: 150x300 | C50: 10006444 | D50: 311530DIAMOND010 | E50: POR 150x300, 1530DIAMOND010, AA | F50: 1530DIAMOND010 | G50: MỜ | I50: Sale | J50: 313000 | K50: 250400 | L50: 259790 | M50: 212800 | N50: 222200 | O50: 0.2 | P50: 0.17 | Q50: 🔥 Sale tháng (CT1 – TB 169) | R50: 202160 | S50: 222200 | T50: 0.35412141 | U50: =IFERROR(_xlfn.XLOOKUP($C50,'Thông tin về sản phẩm'!$A$2:$A$6228,'Thông tin về sản phẩm'!$F$2:$F$6228),"") -> GẠCH, POR 150x300, 1530DIAMOND010, LOẠI AA (L1) | V50: =IFERROR(_xlfn.XLOOKUP($C50,'Thông tin về sản phẩm'!$A$2:$A$6228,'Thông tin về sản phẩm'!$S$2:$S$6228),"") -> ỐP_LÁT | W50: =IFERROR(_xlfn.XLOOKUP($C50,'Thông tin về sản phẩm'!$A$2:$A$6228,'Thông tin về sản phẩm'!$Y$2:$Y$6228),"") -> XANH | X50: =IFERROR(_xlfn.XLOOKUP($C50,'Thông tin về sản phẩm'!$A$2:$A$6228,'Thông tin về sản phẩm'!$AA$2:$AA$6228),"") -> ĐẶC_THÙ | Y50: =IFERROR(_xlfn.XLOOKUP($C50,'Thông tin về sản phẩm'!$A$2:$A$6228,'Thông tin về sản phẩm'!$AC$2:$AC$6228),"") -> VÂN_ĐÁ | Z50: =IFERROR(_xlfn.XLOOKUP($C50,'Thông tin về sản phẩm'!$A$2:$A$6228,'Thông tin về sản phẩm'!$AD$2:$AD$6228),"") -> 0.864 | AA50: =IFERROR(_xlfn.XLOOKUP($C50,'Thông tin về sản phẩm'!$A$2:$A$6228,'Thông tin về sản phẩm'!$I$2:$I$6228),"") -> VIE | AB50: =IFERROR(_xlfn.XLOOKUP($C50,'Thông tin về sản phẩm'!$A$2:$A$6228,'Thông tin về sản phẩm'!$AI$2:$AI$6228),"") -> 300 | AC50: =IFERROR(_xlfn.XLOOKUP($C50,'Thông tin về sản phẩm'!$A$2:$A$6228,'Thông tin về sản phẩm'!$AJ$2:$AJ$6228),"") -> 150 | AD50: =IFERROR(_xlfn.XLOOKUP($C50,'Thông tin về sản phẩm'!$A$2:$A$6228,'Thông tin về sản phẩm'!$AK$2:$AK$6228),"") -> 9 | AE50: =IFERROR(_xlfn.XLOOKUP($C50,'Thông tin về sản phẩm'!$A$2:$A$6228,'Thông tin về sản phẩm'!$AL$2:$AL$6228),"") -> MM | AF50: =IFERROR(_xlfn.XLOOKUP($C50,'Thông tin về sản phẩm'!$A$2:$A$6228,'Thông tin về sản phẩm'!$AM$2:$AM$6228),"") -> MV_ | AG50: =IFERROR(_xlfn.XLOOKUP($C50,'Thông tin về sản phẩm'!$A$2:$A$6228,'Thông tin về sản phẩm'!$AY$2:$AY$6228),"") -> Gạch POR Ốp_Lát | AH50: =IFERROR(_xlfn.XLOOKUP($C50,'Thông tin về sản phẩm'!$A$2:$A$6228,'Thông tin về sản phẩm'!$AZ$2:$AZ$6228),"") -> 4. Tiềm năng
A51: PORCELAIN | B51: 150x300 | C51: 10000618 | D51: 311530STONE008 | E51: POR 150x300, 1530STONE008, AA | F51: 1530STONE008 | G51: MỜ | I51: Sale | J51: 590000 | K51: 472000 | L51: 489700 | M51: 401200 | N51: 418900 | O51: 0.2 | P51: 0.17 | Q51: 📦 Xả kho (CT2 – TB 173) | R51: 381140 | S51: 418900 | T51: 0.354 | U51: =IFERROR(_xlfn.XLOOKUP($C51,'Thông tin về sản phẩm'!$A$2:$A$6228,'Thông tin về sản phẩm'!$F$2:$F$6228),"") -> GẠCH, POR 150x300, 1530STONE008, Loại AA (L1) | V51: =IFERROR(_xlfn.XLOOKUP($C51,'Thông tin về sản phẩm'!$A$2:$A$6228,'Thông tin về sản phẩm'!$S$2:$S$6228),"") -> ỐP_LÁT | W51: =IFERROR(_xlfn.XLOOKUP($C51,'Thông tin về sản phẩm'!$A$2:$A$6228,'Thông tin về sản phẩm'!$Y$2:$Y$6228),"") -> KEM | X51: =IFERROR(_xlfn.XLOOKUP($C51,'Thông tin về sản phẩm'!$A$2:$A$6228,'Thông tin về sản phẩm'!$AA$2:$AA$6228),"") -> ĐẶC_THÙ | Y51: =IFERROR(_xlfn.XLOOKUP($C51,'Thông tin về sản phẩm'!$A$2:$A$6228,'Thông tin về sản phẩm'!$AC$2:$AC$6228),"") -> VÂN_ĐÁ | Z51: =IFERROR(_xlfn.XLOOKUP($C51,'Thông tin về sản phẩm'!$A$2:$A$6228,'Thông tin về sản phẩm'!$AD$2:$AD$6228),"") -> 1.238 | AA51: =IFERROR(_xlfn.XLOOKUP($C51,'Thông tin về sản phẩm'!$A$2:$A$6228,'Thông tin về sản phẩm'!$I$2:$I$6228),"") -> VIE | AB51: =IFERROR(_xlfn.XLOOKUP($C51,'Thông tin về sản phẩm'!$A$2:$A$6228,'Thông tin về sản phẩm'!$AI$2:$AI$6228),"") -> 300 | AC51: =IFERROR(_xlfn.XLOOKUP($C51,'Thông tin về sản phẩm'!$A$2:$A$6228,'Thông tin về sản phẩm'!$AJ$2:$AJ$6228),"") -> 150 | AD51: =IFERROR(_xlfn.XLOOKUP($C51,'Thông tin về sản phẩm'!$A$2:$A$6228,'Thông tin về sản phẩm'!$AK$2:$AK$6228),"") -> 12 | AE51: =IFERROR(_xlfn.XLOOKUP($C51,'Thông tin về sản phẩm'!$A$2:$A$6228,'Thông tin về sản phẩm'!$AL$2:$AL$6228),"") -> MM | AF51: =IFERROR(_xlfn.XLOOKUP($C51,'Thông tin về sản phẩm'!$A$2:$A$6228,'Thông tin về sản phẩm'!$AM$2:$AM$6228),"") -> NSX | AG51: =IFERROR(_xlfn.XLOOKUP($C51,'Thông tin về sản phẩm'!$A$2:$A$6228,'Thông tin về sản phẩm'!$AY$2:$AY$6228),"") -> Gạch POR Ốp_Lát | AH51: =IFERROR(_xlfn.XLOOKUP($C51,'Thông tin về sản phẩm'!$A$2:$A$6228,'Thông tin về sản phẩm'!$AZ$2:$AZ$6228),"") -> 5. Cơ bản
A52: PORCELAIN | B52: 150x300 | C52: 10000591 | D52: 311530STONE009 | E52: POR 150x300, 1530STONE009, AA | F52: 1530STONE009 | G52: MỜ | I52: Sale | J52: 590000 | K52: 472000 | L52: 489700 | M52: 401200 | N52: 418900 | O52: 0.2 | P52: 0.17 | Q52: 🔥 Sale tháng (CT1 – TB 169) | R52: 381140 | S52: 418900 | T52: 0.354 | U52: =IFERROR(_xlfn.XLOOKUP($C52,'Thông tin về sản phẩm'!$A$2:$A$6228,'Thông tin về sản phẩm'!$F$2:$F$6228),"") -> GẠCH, POR 150x300, 1530STONE009, Loại AA (L1) | V52: =IFERROR(_xlfn.XLOOKUP($C52,'Thông tin về sản phẩm'!$A$2:$A$6228,'Thông tin về sản phẩm'!$S$2:$S$6228),"") -> ỐP_LÁT | W52: =IFERROR(_xlfn.XLOOKUP($C52,'Thông tin về sản phẩm'!$A$2:$A$6228,'Thông tin về sản phẩm'!$Y$2:$Y$6228),"") -> XANH_RÊU | X52: =IFERROR(_xlfn.XLOOKUP($C52,'Thông tin về sản phẩm'!$A$2:$A$6228,'Thông tin về sản phẩm'!$AA$2:$AA$6228),"") -> ĐẶC_THÙ | Y52: =IFERROR(_xlfn.XLOOKUP($C52,'Thông tin về sản phẩm'!$A$2:$A$6228,'Thông tin về sản phẩm'!$AC$2:$AC$6228),"") -> VÂN_ĐÁ | Z52: =IFERROR(_xlfn.XLOOKUP($C52,'Thông tin về sản phẩm'!$A$2:$A$6228,'Thông tin về sản phẩm'!$AD$2:$AD$6228),"") -> 1.198 | AA52: =IFERROR(_xlfn.XLOOKUP($C52,'Thông tin về sản phẩm'!$A$2:$A$6228,'Thông tin về sản phẩm'!$I$2:$I$6228),"") -> VIE | AB52: =IFERROR(_xlfn.XLOOKUP($C52,'Thông tin về sản phẩm'!$A$2:$A$6228,'Thông tin về sản phẩm'!$AI$2:$AI$6228),"") -> 300 | AC52: =IFERROR(_xlfn.XLOOKUP($C52,'Thông tin về sản phẩm'!$A$2:$A$6228,'Thông tin về sản phẩm'!$AJ$2:$AJ$6228),"") -> 150 | AD52: =IFERROR(_xlfn.XLOOKUP($C52,'Thông tin về sản phẩm'!$A$2:$A$6228,'Thông tin về sản phẩm'!$AK$2:$AK$6228),"") -> 12 | AE52: =IFERROR(_xlfn.XLOOKUP($C52,'Thông tin về sản phẩm'!$A$2:$A$6228,'Thông tin về sản phẩm'!$AL$2:$AL$6228),"") -> MM | AF52: =IFERROR(_xlfn.XLOOKUP($C52,'Thông tin về sản phẩm'!$A$2:$A$6228,'Thông tin về sản phẩm'!$AM$2:$AM$6228),"") -> NSX | AG52: =IFERROR(_xlfn.XLOOKUP($C52,'Thông tin về sản phẩm'!$A$2:$A$6228,'Thông tin về sản phẩm'!$AY$2:$AY$6228),"") -> Gạch POR Ốp_Lát | AH52: =IFERROR(_xlfn.XLOOKUP($C52,'Thông tin về sản phẩm'!$A$2:$A$6228,'Thông tin về sản phẩm'!$AZ$2:$AZ$6228),"") -> 4. Tiềm năng
A53: PORCELAIN | B53: 150x300 | C53: 10000636 | D53: 311530STONE001 | E53: POR 150x300, 1530STONE001, AA | F53: 1530STONE001 | G53: MỜ | I53: Sale | J53: 590000 | K53: 472000 | L53: 489700 | M53: 401200 | N53: 418900 | O53: 0.2 | P53: 0.17 | Q53: 📦 Xả kho (CT2 – TB 173) | R53: 381140 | S53: 418900 | T53: 0.354 | U53: =IFERROR(_xlfn.XLOOKUP($C53,'Thông tin về sản phẩm'!$A$2:$A$6228,'Thông tin về sản phẩm'!$F$2:$F$6228),"") -> GẠCH, POR 150x300, 1530STONE001, Loại AA (L1) | V53: =IFERROR(_xlfn.XLOOKUP($C53,'Thông tin về sản phẩm'!$A$2:$A$6228,'Thông tin về sản phẩm'!$S$2:$S$6228),"") -> ỐP_LÁT | W53: =IFERROR(_xlfn.XLOOKUP($C53,'Thông tin về sản phẩm'!$A$2:$A$6228,'Thông tin về sản phẩm'!$Y$2:$Y$6228),"") -> NÂU_XÁM | X53: =IFERROR(_xlfn.XLOOKUP($C53,'Thông tin về sản phẩm'!$A$2:$A$6228,'Thông tin về sản phẩm'!$AA$2:$AA$6228),"") -> ĐẶC_THÙ | Y53: =IFERROR(_xlfn.XLOOKUP($C53,'Thông tin về sản phẩm'!$A$2:$A$6228,'Thông tin về sản phẩm'!$AC$2:$AC$6228),"") -> VÂN_ĐÁ | Z53: =IFERROR(_xlfn.XLOOKUP($C53,'Thông tin về sản phẩm'!$A$2:$A$6228,'Thông tin về sản phẩm'!$AD$2:$AD$6228),"") -> 1.234 | AA53: =IFERROR(_xlfn.XLOOKUP($C53,'Thông tin về sản phẩm'!$A$2:$A$6228,'Thông tin về sản phẩm'!$I$2:$I$6228),"") -> VIE | AB53: =IFERROR(_xlfn.XLOOKUP($C53,'Thông tin về sản phẩm'!$A$2:$A$6228,'Thông tin về sản phẩm'!$AI$2:$AI$6228),"") -> 300 | AC53: =IFERROR(_xlfn.XLOOKUP($C53,'Thông tin về sản phẩm'!$A$2:$A$6228,'Thông tin về sản phẩm'!$AJ$2:$AJ$6228),"") -> 150 | AD53: =IFERROR(_xlfn.XLOOKUP($C53,'Thông tin về sản phẩm'!$A$2:$A$6228,'Thông tin về sản phẩm'!$AK$2:$AK$6228),"") -> 12 | AE53: =IFERROR(_xlfn.XLOOKUP($C53,'Thông tin về sản phẩm'!$A$2:$A$6228,'Thông tin về sản phẩm'!$AL$2:$AL$6228),"") -> MM | AF53: =IFERROR(_xlfn.XLOOKUP($C53,'Thông tin về sản phẩm'!$A$2:$A$6228,'Thông tin về sản phẩm'!$AM$2:$AM$6228),"") -> NSX | AG53: =IFERROR(_xlfn.XLOOKUP($C53,'Thông tin về sản phẩm'!$A$2:$A$6228,'Thông tin về sản phẩm'!$AY$2:$AY$6228),"") -> Gạch POR Ốp_Lát | AH53: =IFERROR(_xlfn.XLOOKUP($C53,'Thông tin về sản phẩm'!$A$2:$A$6228,'Thông tin về sản phẩm'!$AZ$2:$AZ$6228),"") -> 5. Cơ bản
A54: PORCELAIN | B54: 150x300 | C54: 10005806 | D54: 311530DIAMOND004 | E54: POR 150x300, 1530DIAMOND004, AA | F54: 1530DIAMOND004 | G54: MỜ | I54: Sale | J54: 313000 | K54: 250400 | L54: 259790 | M54: 212800 | N54: 222200 | O54: 0.2 | P54: 0.17 | Q54: 📦 Xả kho (CT2 – TB 173) | R54: 202160 | S54: 222200 | T54: 0.35412141 | U54: =IFERROR(_xlfn.XLOOKUP($C54,'Thông tin về sản phẩm'!$A$2:$A$6228,'Thông tin về sản phẩm'!$F$2:$F$6228),"") -> GẠCH, POR 150x300, 1530DIAMOND004, LOẠI AA (L1) | V54: =IFERROR(_xlfn.XLOOKUP($C54,'Thông tin về sản phẩm'!$A$2:$A$6228,'Thông tin về sản phẩm'!$S$2:$S$6228),"") -> ỐP_LÁT | W54: =IFERROR(_xlfn.XLOOKUP($C54,'Thông tin về sản phẩm'!$A$2:$A$6228,'Thông tin về sản phẩm'!$Y$2:$Y$6228),"") -> XÁM | X54: =IFERROR(_xlfn.XLOOKUP($C54,'Thông tin về sản phẩm'!$A$2:$A$6228,'Thông tin về sản phẩm'!$AA$2:$AA$6228),"") -> ĐẶC_THÙ | Y54: =IFERROR(_xlfn.XLOOKUP($C54,'Thông tin về sản phẩm'!$A$2:$A$6228,'Thông tin về sản phẩm'!$AC$2:$AC$6228),"") -> VÂN_ĐÁ | Z54: =IFERROR(_xlfn.XLOOKUP($C54,'Thông tin về sản phẩm'!$A$2:$A$6228,'Thông tin về sản phẩm'!$AD$2:$AD$6228),"") -> 0.864 | AA54: =IFERROR(_xlfn.XLOOKUP($C54,'Thông tin về sản phẩm'!$A$2:$A$6228,'Thông tin về sản phẩm'!$I$2:$I$6228),"") -> VIE | AB54: =IFERROR(_xlfn.XLOOKUP($C54,'Thông tin về sản phẩm'!$A$2:$A$6228,'Thông tin về sản phẩm'!$AI$2:$AI$6228),"") -> 300 | AC54: =IFERROR(_xlfn.XLOOKUP($C54,'Thông tin về sản phẩm'!$A$2:$A$6228,'Thông tin về sản phẩm'!$AJ$2:$AJ$6228),"") -> 150 | AD54: =IFERROR(_xlfn.XLOOKUP($C54,'Thông tin về sản phẩm'!$A$2:$A$6228,'Thông tin về sản phẩm'!$AK$2:$AK$6228),"") -> 9 | AE54: =IFERROR(_xlfn.XLOOKUP($C54,'Thông tin về sản phẩm'!$A$2:$A$6228,'Thông tin về sản phẩm'!$AL$2:$AL$6228),"") -> MM | AF54: =IFERROR(_xlfn.XLOOKUP($C54,'Thông tin về sản phẩm'!$A$2:$A$6228,'Thông tin về sản phẩm'!$AM$2:$AM$6228),"") -> MV_ | AG54: =IFERROR(_xlfn.XLOOKUP($C54,'Thông tin về sản phẩm'!$A$2:$A$6228,'Thông tin về sản phẩm'!$AY$2:$AY$6228),"") -> Gạch POR Ốp_Lát | AH54: =IFERROR(_xlfn.XLOOKUP($C54,'Thông tin về sản phẩm'!$A$2:$A$6228,'Thông tin về sản phẩm'!$AZ$2:$AZ$6228),"") -> 5. Cơ bản
A55: PORCELAIN | B55: 150x300 | C55: 10006443 | D55: 311530DIAMOND009 | E55: POR 150x300, 1530DIAMOND009, AA | F55: 1530DIAMOND009 | G55: MỜ | I55: Sale | J55: 313000 | K55: 250400 | L55: 259790 | M55: 212800 | N55: 222200 | O55: 0.2 | P55: 0.17 | Q55: 🔥 Sale tháng (CT1 – TB 169) | R55: 202160 | S55: 222200 | T55: 0.35412141 | U55: =IFERROR(_xlfn.XLOOKUP($C55,'Thông tin về sản phẩm'!$A$2:$A$6228,'Thông tin về sản phẩm'!$F$2:$F$6228),"") -> GẠCH, POR 150x300, 1530DIAMOND009, LOẠI AA (L1) | V55: =IFERROR(_xlfn.XLOOKUP($C55,'Thông tin về sản phẩm'!$A$2:$A$6228,'Thông tin về sản phẩm'!$S$2:$S$6228),"") -> ỐP_LÁT | W55: =IFERROR(_xlfn.XLOOKUP($C55,'Thông tin về sản phẩm'!$A$2:$A$6228,'Thông tin về sản phẩm'!$Y$2:$Y$6228),"") -> KEM | X55: =IFERROR(_xlfn.XLOOKUP($C55,'Thông tin về sản phẩm'!$A$2:$A$6228,'Thông tin về sản phẩm'!$AA$2:$AA$6228),"") -> ĐẶC_THÙ | Y55: =IFERROR(_xlfn.XLOOKUP($C55,'Thông tin về sản phẩm'!$A$2:$A$6228,'Thông tin về sản phẩm'!$AC$2:$AC$6228),"") -> VÂN_ĐÁ | Z55: =IFERROR(_xlfn.XLOOKUP($C55,'Thông tin về sản phẩm'!$A$2:$A$6228,'Thông tin về sản phẩm'!$AD$2:$AD$6228),"") -> 0.864 | AA55: =IFERROR(_xlfn.XLOOKUP($C55,'Thông tin về sản phẩm'!$A$2:$A$6228,'Thông tin về sản phẩm'!$I$2:$I$6228),"") -> VIE | AB55: =IFERROR(_xlfn.XLOOKUP($C55,'Thông tin về sản phẩm'!$A$2:$A$6228,'Thông tin về sản phẩm'!$AI$2:$AI$6228),"") -> 300 | AC55: =IFERROR(_xlfn.XLOOKUP($C55,'Thông tin về sản phẩm'!$A$2:$A$6228,'Thông tin về sản phẩm'!$AJ$2:$AJ$6228),"") -> 150 | AD55: =IFERROR(_xlfn.XLOOKUP($C55,'Thông tin về sản phẩm'!$A$2:$A$6228,'Thông tin về sản phẩm'!$AK$2:$AK$6228),"") -> 9 | AE55: =IFERROR(_xlfn.XLOOKUP($C55,'Thông tin về sản phẩm'!$A$2:$A$6228,'Thông tin về sản phẩm'!$AL$2:$AL$6228),"") -> MM | AF55: =IFERROR(_xlfn.XLOOKUP($C55,'Thông tin về sản phẩm'!$A$2:$A$6228,'Thông tin về sản phẩm'!$AM$2:$AM$6228),"") -> MV_ | AG55: =IFERROR(_xlfn.XLOOKUP($C55,'Thông tin về sản phẩm'!$A$2:$A$6228,'Thông tin về sản phẩm'!$AY$2:$AY$6228),"") -> Gạch POR Ốp_Lát | AH55: =IFERROR(_xlfn.XLOOKUP($C55,'Thông tin về sản phẩm'!$A$2:$A$6228,'Thông tin về sản phẩm'!$AZ$2:$AZ$6228),"") -> 4. Tiềm năng
A56: PORCELAIN | B56: 150x300 | C56: 10000630 | D56: 311530STONE003 | E56: POR 150x300, 1530STONE003, AA | F56: 1530STONE003 | G56: MỜ | I56: Sale | J56: 590000 | K56: 472000 | L56: 489700 | M56: 401200 | N56: 418900 | O56: 0.2 | P56: 0.17 | Q56: 📦 Xả kho (CT2 – TB 173) | R56: 381140 | S56: 418900 | T56: 0.354 | U56: =IFERROR(_xlfn.XLOOKUP($C56,'Thông tin về sản phẩm'!$A$2:$A$6228,'Thông tin về sản phẩm'!$F$2:$F$6228),"") -> GẠCH, POR 150x300, 1530STONE003, Loại AA (L1) | V56: =IFERROR(_xlfn.XLOOKUP($C56,'Thông tin về sản phẩm'!$A$2:$A$6228,'Thông tin về sản phẩm'!$S$2:$S$6228),"") -> ỐP_LÁT | W56: =IFERROR(_xlfn.XLOOKUP($C56,'Thông tin về sản phẩm'!$A$2:$A$6228,'Thông tin về sản phẩm'!$Y$2:$Y$6228),"") -> NÂU_XÁM | X56: =IFERROR(_xlfn.XLOOKUP($C56,'Thông tin về sản phẩm'!$A$2:$A$6228,'Thông tin về sản phẩm'!$AA$2:$AA$6228),"") -> ĐẶC_THÙ | Y56: =IFERROR(_xlfn.XLOOKUP($C56,'Thông tin về sản phẩm'!$A$2:$A$6228,'Thông tin về sản phẩm'!$AC$2:$AC$6228),"") -> VÂN_ĐÁ | Z56: =IFERROR(_xlfn.XLOOKUP($C56,'Thông tin về sản phẩm'!$A$2:$A$6228,'Thông tin về sản phẩm'!$AD$2:$AD$6228),"") -> 1.233 | AA56: =IFERROR(_xlfn.XLOOKUP($C56,'Thông tin về sản phẩm'!$A$2:$A$6228,'Thông tin về sản phẩm'!$I$2:$I$6228),"") -> VIE | AB56: =IFERROR(_xlfn.XLOOKUP($C56,'Thông tin về sản phẩm'!$A$2:$A$6228,'Thông tin về sản phẩm'!$AI$2:$AI$6228),"") -> 300 | AC56: =IFERROR(_xlfn.XLOOKUP($C56,'Thông tin về sản phẩm'!$A$2:$A$6228,'Thông tin về sản phẩm'!$AJ$2:$AJ$6228),"") -> 150 | AD56: =IFERROR(_xlfn.XLOOKUP($C56,'Thông tin về sản phẩm'!$A$2:$A$6228,'Thông tin về sản phẩm'!$AK$2:$AK$6228),"") -> 12 | AE56: =IFERROR(_xlfn.XLOOKUP($C56,'Thông tin về sản phẩm'!$A$2:$A$6228,'Thông tin về sản phẩm'!$AL$2:$AL$6228),"") -> MM | AF56: =IFERROR(_xlfn.XLOOKUP($C56,'Thông tin về sản phẩm'!$A$2:$A$6228,'Thông tin về sản phẩm'!$AM$2:$AM$6228),"") -> NSX | AG56: =IFERROR(_xlfn.XLOOKUP($C56,'Thông tin về sản phẩm'!$A$2:$A$6228,'Thông tin về sản phẩm'!$AY$2:$AY$6228),"") -> Gạch POR Ốp_Lát | AH56: =IFERROR(_xlfn.XLOOKUP($C56,'Thông tin về sản phẩm'!$A$2:$A$6228,'Thông tin về sản phẩm'!$AZ$2:$AZ$6228),"") -> 5. Cơ bản
A57: PORCELAIN | B57: 150x300 | C57: 10005801 | D57: 311530DIAMOND001 | E57: POR 150x300, 1530DIAMOND001, AA | F57: 1530DIAMOND001 | G57: MỜ | I57: Sale | J57: 313000 | K57: 250400 | L57: 259790 | M57: 212800 | N57: 222200 | O57: 0.2 | P57: 0.17 | Q57: 🔥 Sale tháng (CT1 – TB 169) | R57: 202160 | S57: 222200 | T57: 0.35412141 | U57: =IFERROR(_xlfn.XLOOKUP($C57,'Thông tin về sản phẩm'!$A$2:$A$6228,'Thông tin về sản phẩm'!$F$2:$F$6228),"") -> GẠCH, POR 150x300, 1530DIAMOND001, LOẠI AA (L1) | V57: =IFERROR(_xlfn.XLOOKUP($C57,'Thông tin về sản phẩm'!$A$2:$A$6228,'Thông tin về sản phẩm'!$S$2:$S$6228),"") -> ỐP_LÁT | W57: =IFERROR(_xlfn.XLOOKUP($C57,'Thông tin về sản phẩm'!$A$2:$A$6228,'Thông tin về sản phẩm'!$Y$2:$Y$6228),"") -> TRẮNG | X57: =IFERROR(_xlfn.XLOOKUP($C57,'Thông tin về sản phẩm'!$A$2:$A$6228,'Thông tin về sản phẩm'!$AA$2:$AA$6228),"") -> ĐẶC_THÙ | Y57: =IFERROR(_xlfn.XLOOKUP($C57,'Thông tin về sản phẩm'!$A$2:$A$6228,'Thông tin về sản phẩm'!$AC$2:$AC$6228),"") -> VÂN_ĐÁ | Z57: =IFERROR(_xlfn.XLOOKUP($C57,'Thông tin về sản phẩm'!$A$2:$A$6228,'Thông tin về sản phẩm'!$AD$2:$AD$6228),"") -> 0.864 | AA57: =IFERROR(_xlfn.XLOOKUP($C57,'Thông tin về sản phẩm'!$A$2:$A$6228,'Thông tin về sản phẩm'!$I$2:$I$6228),"") -> VIE | AB57: =IFERROR(_xlfn.XLOOKUP($C57,'Thông tin về sản phẩm'!$A$2:$A$6228,'Thông tin về sản phẩm'!$AI$2:$AI$6228),"") -> 300 | AC57: =IFERROR(_xlfn.XLOOKUP($C57,'Thông tin về sản phẩm'!$A$2:$A$6228,'Thông tin về sản phẩm'!$AJ$2:$AJ$6228),"") -> 150 | AD57: =IFERROR(_xlfn.XLOOKUP($C57,'Thông tin về sản phẩm'!$A$2:$A$6228,'Thông tin về sản phẩm'!$AK$2:$AK$6228),"") -> 9 | AE57: =IFERROR(_xlfn.XLOOKUP($C57,'Thông tin về sản phẩm'!$A$2:$A$6228,'Thông tin về sản phẩm'!$AL$2:$AL$6228),"") -> MM | AF57: =IFERROR(_xlfn.XLOOKUP($C57,'Thông tin về sản phẩm'!$A$2:$A$6228,'Thông tin về sản phẩm'!$AM$2:$AM$6228),"") -> MV_ | AG57: =IFERROR(_xlfn.XLOOKUP($C57,'Thông tin về sản phẩm'!$A$2:$A$6228,'Thông tin về sản phẩm'!$AY$2:$AY$6228),"") -> Gạch POR Ốp_Lát | AH57: =IFERROR(_xlfn.XLOOKUP($C57,'Thông tin về sản phẩm'!$A$2:$A$6228,'Thông tin về sản phẩm'!$AZ$2:$AZ$6228),"") -> 4. Tiềm năng
A58: PORCELAIN | B58: 150x300 | C58: 10005802 | D58: 311530DIAMOND002 | E58: POR 150x300, 1530DIAMOND002, AA | F58: 1530DIAMOND002 | G58: MỜ | I58: Sale | J58: 313000 | K58: 250400 | L58: 259790 | M58: 212800 | N58: 222200 | O58: 0.2 | P58: 0.17 | Q58: 🔥 Sale tháng (CT1 – TB 169) | R58: 202160 | S58: 222200 | T58: 0.35412141 | U58: =IFERROR(_xlfn.XLOOKUP($C58,'Thông tin về sản phẩm'!$A$2:$A$6228,'Thông tin về sản phẩm'!$F$2:$F$6228),"") -> GẠCH, POR 150x300, 1530DIAMOND002, LOẠI AA (L1) | V58: =IFERROR(_xlfn.XLOOKUP($C58,'Thông tin về sản phẩm'!$A$2:$A$6228,'Thông tin về sản phẩm'!$S$2:$S$6228),"") -> ỐP_LÁT | W58: =IFERROR(_xlfn.XLOOKUP($C58,'Thông tin về sản phẩm'!$A$2:$A$6228,'Thông tin về sản phẩm'!$Y$2:$Y$6228),"") -> XÁM | X58: =IFERROR(_xlfn.XLOOKUP($C58,'Thông tin về sản phẩm'!$A$2:$A$6228,'Thông tin về sản phẩm'!$AA$2:$AA$6228),"") -> ĐẶC_THÙ | Y58: =IFERROR(_xlfn.XLOOKUP($C58,'Thông tin về sản phẩm'!$A$2:$A$6228,'Thông tin về sản phẩm'!$AC$2:$AC$6228),"") -> VÂN_ĐÁ | Z58: =IFERROR(_xlfn.XLOOKUP($C58,'Thông tin về sản phẩm'!$A$2:$A$6228,'Thông tin về sản phẩm'!$AD$2:$AD$6228),"") -> 0.864 | AA58: =IFERROR(_xlfn.XLOOKUP($C58,'Thông tin về sản phẩm'!$A$2:$A$6228,'Thông tin về sản phẩm'!$I$2:$I$6228),"") -> VIE | AB58: =IFERROR(_xlfn.XLOOKUP($C58,'Thông tin về sản phẩm'!$A$2:$A$6228,'Thông tin về sản phẩm'!$AI$2:$AI$6228),"") -> 300 | AC58: =IFERROR(_xlfn.XLOOKUP($C58,'Thông tin về sản phẩm'!$A$2:$A$6228,'Thông tin về sản phẩm'!$AJ$2:$AJ$6228),"") -> 150 | AD58: =IFERROR(_xlfn.XLOOKUP($C58,'Thông tin về sản phẩm'!$A$2:$A$6228,'Thông tin về sản phẩm'!$AK$2:$AK$6228),"") -> 9 | AE58: =IFERROR(_xlfn.XLOOKUP($C58,'Thông tin về sản phẩm'!$A$2:$A$6228,'Thông tin về sản phẩm'!$AL$2:$AL$6228),"") -> MM | AF58: =IFERROR(_xlfn.XLOOKUP($C58,'Thông tin về sản phẩm'!$A$2:$A$6228,'Thông tin về sản phẩm'!$AM$2:$AM$6228),"") -> MV_ | AG58: =IFERROR(_xlfn.XLOOKUP($C58,'Thông tin về sản phẩm'!$A$2:$A$6228,'Thông tin về sản phẩm'!$AY$2:$AY$6228),"") -> Gạch POR Ốp_Lát | AH58: =IFERROR(_xlfn.XLOOKUP($C58,'Thông tin về sản phẩm'!$A$2:$A$6228,'Thông tin về sản phẩm'!$AZ$2:$AZ$6228),"") -> 4. Tiềm năng
A59: PORCELAIN | B59: 150x300 | C59: 10006440 | D59: 311530DIAMOND006 | E59: POR 150x300, 1530DIAMOND006, AA | F59: 1530DIAMOND006 | G59: MỜ | I59: Sale | J59: 313000 | K59: 250400 | L59: 259790 | M59: 212800 | N59: 222200 | O59: 0.2 | P59: 0.17 | Q59: 🔥 Sale tháng (CT1 – TB 169) | R59: 202160 | S59: 222200 | T59: 0.35412141 | U59: =IFERROR(_xlfn.XLOOKUP($C59,'Thông tin về sản phẩm'!$A$2:$A$6228,'Thông tin về sản phẩm'!$F$2:$F$6228),"") -> GẠCH, POR 150x300, 1530DIAMOND006, LOẠI AA (L1) | V59: =IFERROR(_xlfn.XLOOKUP($C59,'Thông tin về sản phẩm'!$A$2:$A$6228,'Thông tin về sản phẩm'!$S$2:$S$6228),"") -> ỐP_LÁT | W59: =IFERROR(_xlfn.XLOOKUP($C59,'Thông tin về sản phẩm'!$A$2:$A$6228,'Thông tin về sản phẩm'!$Y$2:$Y$6228),"") -> NÂU | X59: =IFERROR(_xlfn.XLOOKUP($C59,'Thông tin về sản phẩm'!$A$2:$A$6228,'Thông tin về sản phẩm'!$AA$2:$AA$6228),"") -> ĐẶC_THÙ | Y59: =IFERROR(_xlfn.XLOOKUP($C59,'Thông tin về sản phẩm'!$A$2:$A$6228,'Thông tin về sản phẩm'!$AC$2:$AC$6228),"") -> VÂN_ĐÁ | Z59: =IFERROR(_xlfn.XLOOKUP($C59,'Thông tin về sản phẩm'!$A$2:$A$6228,'Thông tin về sản phẩm'!$AD$2:$AD$6228),"") -> 0.864 | AA59: =IFERROR(_xlfn.XLOOKUP($C59,'Thông tin về sản phẩm'!$A$2:$A$6228,'Thông tin về sản phẩm'!$I$2:$I$6228),"") -> VIE | AB59: =IFERROR(_xlfn.XLOOKUP($C59,'Thông tin về sản phẩm'!$A$2:$A$6228,'Thông tin về sản phẩm'!$AI$2:$AI$6228),"") -> 300 | AC59: =IFERROR(_xlfn.XLOOKUP($C59,'Thông tin về sản phẩm'!$A$2:$A$6228,'Thông tin về sản phẩm'!$AJ$2:$AJ$6228),"") -> 150 | AD59: =IFERROR(_xlfn.XLOOKUP($C59,'Thông tin về sản phẩm'!$A$2:$A$6228,'Thông tin về sản phẩm'!$AK$2:$AK$6228),"") -> 9 | AE59: =IFERROR(_xlfn.XLOOKUP($C59,'Thông tin về sản phẩm'!$A$2:$A$6228,'Thông tin về sản phẩm'!$AL$2:$AL$6228),"") -> MM | AF59: =IFERROR(_xlfn.XLOOKUP($C59,'Thông tin về sản phẩm'!$A$2:$A$6228,'Thông tin về sản phẩm'!$AM$2:$AM$6228),"") -> MV_ | AG59: =IFERROR(_xlfn.XLOOKUP($C59,'Thông tin về sản phẩm'!$A$2:$A$6228,'Thông tin về sản phẩm'!$AY$2:$AY$6228),"") -> Gạch POR Ốp_Lát | AH59: =IFERROR(_xlfn.XLOOKUP($C59,'Thông tin về sản phẩm'!$A$2:$A$6228,'Thông tin về sản phẩm'!$AZ$2:$AZ$6228),"") -> 4. Tiềm năng
... A65: PORCELAIN | B65: 150x300 | C65: 10000592 | D65: 311530STONE011 | E65: POR 150x300, 1530STONE011, AA | F65: 1530STONE011 | G65: MỜ | I65: Sale | J65: 590000 | K65: 472000 | L65: 489700 | M65: 401200 | N65: 418900 | O65: 0.2 | P65: 0.17 | Q65: 📦 Xả kho (CT2 – TB 173) | R65: 381140 | S65: 418900 | T65: 0.354 | U65: =IFERROR(_xlfn.XLOOKUP($C65,'Thông tin về sản phẩm'!$A$2:$A$6228,'Thông tin về sản phẩm'!$F$2:$F$6228),"") -> GẠCH, POR 150x300, 1530STONE011, Loại AA (L1) | V65: =IFERROR(_xlfn.XLOOKUP($C65,'Thông tin về sản phẩm'!$A$2:$A$6228,'Thông tin về sản phẩm'!$S$2:$S$6228),"") -> ỐP_LÁT | W65: =IFERROR(_xlfn.XLOOKUP($C65,'Thông tin về sản phẩm'!$A$2:$A$6228,'Thông tin về sản phẩm'!$Y$2:$Y$6228),"") -> XÁM_RÊU | X65: =IFERROR(_xlfn.XLOOKUP($C65,'Thông tin về sản phẩm'!$A$2:$A$6228,'Thông tin về sản phẩm'!$AA$2:$AA$6228),"") -> ĐẶC_THÙ | Y65: =IFERROR(_xlfn.XLOOKUP($C65,'Thông tin về sản phẩm'!$A$2:$A$6228,'Thông tin về sản phẩm'!$AC$2:$AC$6228),"") -> VÂN_ĐÁ | Z65: =IFERROR(_xlfn.XLOOKUP($C65,'Thông tin về sản phẩm'!$A$2:$A$6228,'Thông tin về sản phẩm'!$AD$2:$AD$6228),"") -> 1.221 | AA65: =IFERROR(_xlfn.XLOOKUP($C65,'Thông tin về sản phẩm'!$A$2:$A$6228,'Thông tin về sản phẩm'!$I$2:$I$6228),"") -> VIE | AB65: =IFERROR(_xlfn.XLOOKUP($C65,'Thông tin về sản phẩm'!$A$2:$A$6228,'Thông tin về sản phẩm'!$AI$2:$AI$6228),"") -> 300 | AC65: =IFERROR(_xlfn.XLOOKUP($C65,'Thông tin về sản phẩm'!$A$2:$A$6228,'Thông tin về sản phẩm'!$AJ$2:$AJ$6228),"") -> 150 | AD65: =IFERROR(_xlfn.XLOOKUP($C65,'Thông tin về sản phẩm'!$A$2:$A$6228,'Thông tin về sản phẩm'!$AK$2:$AK$6228),"") -> 12 | AE65: =IFERROR(_xlfn.XLOOKUP($C65,'Thông tin về sản phẩm'!$A$2:$A$6228,'Thông tin về sản phẩm'!$AL$2:$AL$6228),"") -> MM | AF65: =IFERROR(_xlfn.XLOOKUP($C65,'Thông tin về sản phẩm'!$A$2:$A$6228,'Thông tin về sản phẩm'!$AM$2:$AM$6228),"") -> NSX | AG65: =IFERROR(_xlfn.XLOOKUP($C65,'Thông tin về sản phẩm'!$A$2:$A$6228,'Thông tin về sản phẩm'!$AY$2:$AY$6228),"") -> Gạch POR Ốp_Lát | AH65: =IFERROR(_xlfn.XLOOKUP($C65,'Thông tin về sản phẩm'!$A$2:$A$6228,'Thông tin về sản phẩm'!$AZ$2:$AZ$6228),"") -> 5. Cơ bản
A66: PORCELAIN | B66: 150x300 | C66: 10000559 | D66: 311530STONE010 | E66: POR 150x300, 1530STONE010, AA | F66: 1530STONE010 | G66: MỜ | J66: 589091 | K66: 471272.8 | L66: 488945.53 | O66: 0.2 | P66: 0.17 | R66: 447709.16 | S66: 488945.53 | T66: 0.24 | U66: =IFERROR(_xlfn.XLOOKUP($C66,'Thông tin về sản phẩm'!$A$2:$A$6228,'Thông tin về sản phẩm'!$F$2:$F$6228),"") -> GẠCH, POR 150x300, 1530STONE010, Loại AA (L1) | V66: =IFERROR(_xlfn.XLOOKUP($C66,'Thông tin về sản phẩm'!$A$2:$A$6228,'Thông tin về sản phẩm'!$S$2:$S$6228),"") -> ỐP_LÁT | W66: =IFERROR(_xlfn.XLOOKUP($C66,'Thông tin về sản phẩm'!$A$2:$A$6228,'Thông tin về sản phẩm'!$Y$2:$Y$6228),"") -> XÁM | X66: =IFERROR(_xlfn.XLOOKUP($C66,'Thông tin về sản phẩm'!$A$2:$A$6228,'Thông tin về sản phẩm'!$AA$2:$AA$6228),"") -> ĐẶC_THÙ | Y66: =IFERROR(_xlfn.XLOOKUP($C66,'Thông tin về sản phẩm'!$A$2:$A$6228,'Thông tin về sản phẩm'!$AC$2:$AC$6228),"") -> VÂN_ĐÁ | Z66: =IFERROR(_xlfn.XLOOKUP($C66,'Thông tin về sản phẩm'!$A$2:$A$6228,'Thông tin về sản phẩm'!$AD$2:$AD$6228),"") -> 1.236 | AA66: =IFERROR(_xlfn.XLOOKUP($C66,'Thông tin về sản phẩm'!$A$2:$A$6228,'Thông tin về sản phẩm'!$I$2:$I$6228),"") -> VIE | AB66: =IFERROR(_xlfn.XLOOKUP($C66,'Thông tin về sản phẩm'!$A$2:$A$6228,'Thông tin về sản phẩm'!$AI$2:$AI$6228),"") -> 300 | AC66: =IFERROR(_xlfn.XLOOKUP($C66,'Thông tin về sản phẩm'!$A$2:$A$6228,'Thông tin về sản phẩm'!$AJ$2:$AJ$6228),"") -> 150 | AD66: =IFERROR(_xlfn.XLOOKUP($C66,'Thông tin về sản phẩm'!$A$2:$A$6228,'Thông tin về sản phẩm'!$AK$2:$AK$6228),"") -> 12 | AE66: =IFERROR(_xlfn.XLOOKUP($C66,'Thông tin về sản phẩm'!$A$2:$A$6228,'Thông tin về sản phẩm'!$AL$2:$AL$6228),"") -> MM | AF66: =IFERROR(_xlfn.XLOOKUP($C66,'Thông tin về sản phẩm'!$A$2:$A$6228,'Thông tin về sản phẩm'!$AM$2:$AM$6228),"") -> BM | AG66: =IFERROR(_xlfn.XLOOKUP($C66,'Thông tin về sản phẩm'!$A$2:$A$6228,'Thông tin về sản phẩm'!$AY$2:$AY$6228),"") -> Gạch POR Ốp_Lát | AH66: =IFERROR(_xlfn.XLOOKUP($C66,'Thông tin về sản phẩm'!$A$2:$A$6228,'Thông tin về sản phẩm'!$AZ$2:$AZ$6228),"") -> 5. Cơ bản
A67: PORCELAIN | B67: 150x300 | C67: 10000606 | D67: 311530STONE012 | E67: POR 150x300, 1530STONE012, AA | F67: 1530STONE012 | G67: MỜ | J67: 589091 | K67: 471272.8 | L67: 488945.53 | O67: 0.2 | P67: 0.17 | R67: 447709.16 | S67: 488945.53 | T67: 0.24 | U67: =IFERROR(_xlfn.XLOOKUP($C67,'Thông tin về sản phẩm'!$A$2:$A$6228,'Thông tin về sản phẩm'!$F$2:$F$6228),"") -> GẠCH, POR 150x300, 1530STONE012, Loại AA (L1) | V67: =IFERROR(_xlfn.XLOOKUP($C67,'Thông tin về sản phẩm'!$A$2:$A$6228,'Thông tin về sản phẩm'!$S$2:$S$6228),"") -> ỐP_LÁT | W67: =IFERROR(_xlfn.XLOOKUP($C67,'Thông tin về sản phẩm'!$A$2:$A$6228,'Thông tin về sản phẩm'!$Y$2:$Y$6228),"") -> KEM | X67: =IFERROR(_xlfn.XLOOKUP($C67,'Thông tin về sản phẩm'!$A$2:$A$6228,'Thông tin về sản phẩm'!$AA$2:$AA$6228),"") -> ĐẶC_THÙ | Y67: =IFERROR(_xlfn.XLOOKUP($C67,'Thông tin về sản phẩm'!$A$2:$A$6228,'Thông tin về sản phẩm'!$AC$2:$AC$6228),"") -> VÂN_ĐÁ | Z67: =IFERROR(_xlfn.XLOOKUP($C67,'Thông tin về sản phẩm'!$A$2:$A$6228,'Thông tin về sản phẩm'!$AD$2:$AD$6228),"") -> 1.2 | AA67: =IFERROR(_xlfn.XLOOKUP($C67,'Thông tin về sản phẩm'!$A$2:$A$6228,'Thông tin về sản phẩm'!$I$2:$I$6228),"") -> VIE | AB67: =IFERROR(_xlfn.XLOOKUP($C67,'Thông tin về sản phẩm'!$A$2:$A$6228,'Thông tin về sản phẩm'!$AI$2:$AI$6228),"") -> 300 | AC67: =IFERROR(_xlfn.XLOOKUP($C67,'Thông tin về sản phẩm'!$A$2:$A$6228,'Thông tin về sản phẩm'!$AJ$2:$AJ$6228),"") -> 150 | AD67: =IFERROR(_xlfn.XLOOKUP($C67,'Thông tin về sản phẩm'!$A$2:$A$6228,'Thông tin về sản phẩm'!$AK$2:$AK$6228),"") -> 12 | AE67: =IFERROR(_xlfn.XLOOKUP($C67,'Thông tin về sản phẩm'!$A$2:$A$6228,'Thông tin về sản phẩm'!$AL$2:$AL$6228),"") -> MM | AF67: =IFERROR(_xlfn.XLOOKUP($C67,'Thông tin về sản phẩm'!$A$2:$A$6228,'Thông tin về sản phẩm'!$AM$2:$AM$6228),"") -> BM | AG67: =IFERROR(_xlfn.XLOOKUP($C67,'Thông tin về sản phẩm'!$A$2:$A$6228,'Thông tin về sản phẩm'!$AY$2:$AY$6228),"") -> Gạch POR Ốp_Lát | AH67: =IFERROR(_xlfn.XLOOKUP($C67,'Thông tin về sản phẩm'!$A$2:$A$6228,'Thông tin về sản phẩm'!$AZ$2:$AZ$6228),"") -> 5. Cơ bản
A68: PORCELAIN | B68: 150x300 | C68: 10006441 | D68: 311530DIAMOND007 | E68: POR 150x300, 1530DIAMOND007, AA | F68: 1530DIAMOND007 | G68: MỜ | J68: 313133 | K68: 250506.4 | L68: 259900.39 | O68: 0.2 | P68: 0.17 | R68: 237981.08 | S68: 259900.39 | T68: 0.24 | U68: =IFERROR(_xlfn.XLOOKUP($C68,'Thông tin về sản phẩm'!$A$2:$A$6228,'Thông tin về sản phẩm'!$F$2:$F$6228),"") -> GẠCH, POR 150x300, 1530DIAMOND007, LOẠI AA (L1) | V68: =IFERROR(_xlfn.XLOOKUP($C68,'Thông tin về sản phẩm'!$A$2:$A$6228,'Thông tin về sản phẩm'!$S$2:$S$6228),"") -> ỐP_LÁT | W68: =IFERROR(_xlfn.XLOOKUP($C68,'Thông tin về sản phẩm'!$A$2:$A$6228,'Thông tin về sản phẩm'!$Y$2:$Y$6228),"") -> XANH | X68: =IFERROR(_xlfn.XLOOKUP($C68,'Thông tin về sản phẩm'!$A$2:$A$6228,'Thông tin về sản phẩm'!$AA$2:$AA$6228),"") -> ĐẶC_THÙ | Y68: =IFERROR(_xlfn.XLOOKUP($C68,'Thông tin về sản phẩm'!$A$2:$A$6228,'Thông tin về sản phẩm'!$AC$2:$AC$6228),"") -> VÂN_ĐÁ | Z68: =IFERROR(_xlfn.XLOOKUP($C68,'Thông tin về sản phẩm'!$A$2:$A$6228,'Thông tin về sản phẩm'!$AD$2:$AD$6228),"") -> 0.864 | AA68: =IFERROR(_xlfn.XLOOKUP($C68,'Thông tin về sản phẩm'!$A$2:$A$6228,'Thông tin về sản phẩm'!$I$2:$I$6228),"") -> VIE | AB68: =IFERROR(_xlfn.XLOOKUP($C68,'Thông tin về sản phẩm'!$A$2:$A$6228,'Thông tin về sản phẩm'!$AI$2:$AI$6228),"") -> 300 | AC68: =IFERROR(_xlfn.XLOOKUP($C68,'Thông tin về sản phẩm'!$A$2:$A$6228,'Thông tin về sản phẩm'!$AJ$2:$AJ$6228),"") -> 150 | AD68: =IFERROR(_xlfn.XLOOKUP($C68,'Thông tin về sản phẩm'!$A$2:$A$6228,'Thông tin về sản phẩm'!$AK$2:$AK$6228),"") -> 9 | AE68: =IFERROR(_xlfn.XLOOKUP($C68,'Thông tin về sản phẩm'!$A$2:$A$6228,'Thông tin về sản phẩm'!$AL$2:$AL$6228),"") -> MM | AF68: =IFERROR(_xlfn.XLOOKUP($C68,'Thông tin về sản phẩm'!$A$2:$A$6228,'Thông tin về sản phẩm'!$AM$2:$AM$6228),"") -> BM | AG68: =IFERROR(_xlfn.XLOOKUP($C68,'Thông tin về sản phẩm'!$A$2:$A$6228,'Thông tin về sản phẩm'!$AY$2:$AY$6228),"") -> Gạch POR Ốp_Lát | AH68: =IFERROR(_xlfn.XLOOKUP($C68,'Thông tin về sản phẩm'!$A$2:$A$6228,'Thông tin về sản phẩm'!$AZ$2:$AZ$6228),"") -> 5. Cơ bản
A69: PORCELAIN | B69: 150x600 | C69: 10001417 | D69: 411560WOOD008 | E69: POR 150x600, 1560WOOD008, AA | F69: 1560WOOD008 | G69: MỜ | I69: ĐL | J69: 304000 | K69: 243200 | L69: 252320 | M69: 206700 | N69: 215800 | O69: 0.2 | P69: 0.17 | R69: 196365 | S69: 215800 | T69: 0.3540625 | U69: =IFERROR(_xlfn.XLOOKUP($C69,'Thông tin về sản phẩm'!$A$2:$A$6228,'Thông tin về sản phẩm'!$F$2:$F$6228),"") -> GẠCH, POR 150x600, 1560WOOD008, Loại AA (L1) | V69: =IFERROR(_xlfn.XLOOKUP($C69,'Thông tin về sản phẩm'!$A$2:$A$6228,'Thông tin về sản phẩm'!$S$2:$S$6228),"") -> ỐP_LÁT | W69: =IFERROR(_xlfn.XLOOKUP($C69,'Thông tin về sản phẩm'!$A$2:$A$6228,'Thông tin về sản phẩm'!$Y$2:$Y$6228),"") -> XÁM | X69: =IFERROR(_xlfn.XLOOKUP($C69,'Thông tin về sản phẩm'!$A$2:$A$6228,'Thông tin về sản phẩm'!$AA$2:$AA$6228),"") -> ĐẶC_THÙ | Y69: =IFERROR(_xlfn.XLOOKUP($C69,'Thông tin về sản phẩm'!$A$2:$A$6228,'Thông tin về sản phẩm'!$AC$2:$AC$6228),"") -> VÂN_GỖ | Z69: =IFERROR(_xlfn.XLOOKUP($C69,'Thông tin về sản phẩm'!$A$2:$A$6228,'Thông tin về sản phẩm'!$AD$2:$AD$6228),"") -> 1.9 | AA69: =IFERROR(_xlfn.XLOOKUP($C69,'Thông tin về sản phẩm'!$A$2:$A$6228,'Thông tin về sản phẩm'!$I$2:$I$6228),"") -> VIE | AB69: =IFERROR(_xlfn.XLOOKUP($C69,'Thông tin về sản phẩm'!$A$2:$A$6228,'Thông tin về sản phẩm'!$AI$2:$AI$6228),"") -> 600 | AC69: =IFERROR(_xlfn.XLOOKUP($C69,'Thông tin về sản phẩm'!$A$2:$A$6228,'Thông tin về sản phẩm'!$AJ$2:$AJ$6228),"") -> 150 | AD69: =IFERROR(_xlfn.XLOOKUP($C69,'Thông tin về sản phẩm'!$A$2:$A$6228,'Thông tin về sản phẩm'!$AK$2:$AK$6228),"") -> 9.3 | AE69: =IFERROR(_xlfn.XLOOKUP($C69,'Thông tin về sản phẩm'!$A$2:$A$6228,'Thông tin về sản phẩm'!$AL$2:$AL$6228),"") -> MM | AF69: =IFERROR(_xlfn.XLOOKUP($C69,'Thông tin về sản phẩm'!$A$2:$A$6228,'Thông tin về sản phẩm'!$AM$2:$AM$6228),"") -> NSX | AG69: =IFERROR(_xlfn.XLOOKUP($C69,'Thông tin về sản phẩm'!$A$2:$A$6228,'Thông tin về sản phẩm'!$AY$2:$AY$6228),"") -> Gạch POR Ốp_Lát | AH69: =IFERROR(_xlfn.XLOOKUP($C69,'Thông tin về sản phẩm'!$A$2:$A$6228,'Thông tin về sản phẩm'!$AZ$2:$AZ$6228),"") -> 4. Tiềm năng
A70: PORCELAIN | B70: 150x600 | C70: 10001430 | D70: 411560WOOD012 | E70: POR 150x600, 1560WOOD012, AA | F70: 1560WOOD012 | G70: MỜ | I70: ĐL | J70: 304000 | K70: 243200 | L70: 252320 | M70: 206700 | N70: 215800 | O70: 0.2 | P70: 0.17 | R70: 196365 | S70: 215800 | T70: 0.3540625 | U70: =IFERROR(_xlfn.XLOOKUP($C70,'Thông tin về sản phẩm'!$A$2:$A$6228,'Thông tin về sản phẩm'!$F$2:$F$6228),"") -> GẠCH, POR 150x600, 1560WOOD012, Loại AA (L1) | V70: =IFERROR(_xlfn.XLOOKUP($C70,'Thông tin về sản phẩm'!$A$2:$A$6228,'Thông tin về sản phẩm'!$S$2:$S$6228),"") -> ỐP_LÁT | W70: =IFERROR(_xlfn.XLOOKUP($C70,'Thông tin về sản phẩm'!$A$2:$A$6228,'Thông tin về sản phẩm'!$Y$2:$Y$6228),"") -> NÂU | X70: =IFERROR(_xlfn.XLOOKUP($C70,'Thông tin về sản phẩm'!$A$2:$A$6228,'Thông tin về sản phẩm'!$AA$2:$AA$6228),"") -> ĐẶC_THÙ | Y70: =IFERROR(_xlfn.XLOOKUP($C70,'Thông tin về sản phẩm'!$A$2:$A$6228,'Thông tin về sản phẩm'!$AC$2:$AC$6228),"") -> VÂN_GỖ | Z70: =IFERROR(_xlfn.XLOOKUP($C70,'Thông tin về sản phẩm'!$A$2:$A$6228,'Thông tin về sản phẩm'!$AD$2:$AD$6228),"") -> 1.9 | AA70: =IFERROR(_xlfn.XLOOKUP($C70,'Thông tin về sản phẩm'!$A$2:$A$6228,'Thông tin về sản phẩm'!$I$2:$I$6228),"") -> VIE | AB70: =IFERROR(_xlfn.XLOOKUP($C70,'Thông tin về sản phẩm'!$A$2:$A$6228,'Thông tin về sản phẩm'!$AI$2:$AI$6228),"") -> 600 | AC70: =IFERROR(_xlfn.XLOOKUP($C70,'Thông tin về sản phẩm'!$A$2:$A$6228,'Thông tin về sản phẩm'!$AJ$2:$AJ$6228),"") -> 150 | AD70: =IFERROR(_xlfn.XLOOKUP($C70,'Thông tin về sản phẩm'!$A$2:$A$6228,'Thông tin về sản phẩm'!$AK$2:$AK$6228),"") -> 9.3 | AE70: =IFERROR(_xlfn.XLOOKUP($C70,'Thông tin về sản phẩm'!$A$2:$A$6228,'Thông tin về sản phẩm'!$AL$2:$AL$6228),"") -> MM | AF70: =IFERROR(_xlfn.XLOOKUP($C70,'Thông tin về sản phẩm'!$A$2:$A$6228,'Thông tin về sản phẩm'!$AM$2:$AM$6228),"") -> NSX | AG70: =IFERROR(_xlfn.XLOOKUP($C70,'Thông tin về sản phẩm'!$A$2:$A$6228,'Thông tin về sản phẩm'!$AY$2:$AY$6228),"") -> Gạch POR Ốp_Lát | AH70: =IFERROR(_xlfn.XLOOKUP($C70,'Thông tin về sản phẩm'!$A$2:$A$6228,'Thông tin về sản phẩm'!$AZ$2:$AZ$6228),"") -> 4. Tiềm năng
A71: PORCELAIN | B71: 150x600 | C71: 10001418 | D71: 411560WOOD009 | E71: POR 150x600, 1560WOOD009, AA | F71: 1560WOOD009 | G71: MỜ | I71: Sale | J71: 304000 | K71: 243200 | L71: 252320 | M71: 206700 | N71: 215800 | O71: 0.2 | P71: 0.17 | Q71: 📦 Xả kho (CT2 – TB 173) | R71: 196365 | S71: 215800 | T71: 0.3540625 | U71: =IFERROR(_xlfn.XLOOKUP($C71,'Thông tin về sản phẩm'!$A$2:$A$6228,'Thông tin về sản phẩm'!$F$2:$F$6228),"") -> GẠCH, POR 150x600, 1560WOOD009, Loại AA (L1) | V71: =IFERROR(_xlfn.XLOOKUP($C71,'Thông tin về sản phẩm'!$A$2:$A$6228,'Thông tin về sản phẩm'!$S$2:$S$6228),"") -> ỐP_LÁT | W71: =IFERROR(_xlfn.XLOOKUP($C71,'Thông tin về sản phẩm'!$A$2:$A$6228,'Thông tin về sản phẩm'!$Y$2:$Y$6228),"") -> NÂU | X71: =IFERROR(_xlfn.XLOOKUP($C71,'Thông tin về sản phẩm'!$A$2:$A$6228,'Thông tin về sản phẩm'!$AA$2:$AA$6228),"") -> ĐẶC_THÙ | Y71: =IFERROR(_xlfn.XLOOKUP($C71,'Thông tin về sản phẩm'!$A$2:$A$6228,'Thông tin về sản phẩm'!$AC$2:$AC$6228),"") -> VÂN_GỖ | Z71: =IFERROR(_xlfn.XLOOKUP($C71,'Thông tin về sản phẩm'!$A$2:$A$6228,'Thông tin về sản phẩm'!$AD$2:$AD$6228),"") -> 1.9 | AA71: =IFERROR(_xlfn.XLOOKUP($C71,'Thông tin về sản phẩm'!$A$2:$A$6228,'Thông tin về sản phẩm'!$I$2:$I$6228),"") -> VIE | AB71: =IFERROR(_xlfn.XLOOKUP($C71,'Thông tin về sản phẩm'!$A$2:$A$6228,'Thông tin về sản phẩm'!$AI$2:$AI$6228),"") -> 600 | AC71: =IFERROR(_xlfn.XLOOKUP($C71,'Thông tin về sản phẩm'!$A$2:$A$6228,'Thông tin về sản phẩm'!$AJ$2:$AJ$6228),"") -> 150 | AD71: =IFERROR(_xlfn.XLOOKUP($C71,'Thông tin về sản phẩm'!$A$2:$A$6228,'Thông tin về sản phẩm'!$AK$2:$AK$6228),"") -> 9.3 | AE71: =IFERROR(_xlfn.XLOOKUP($C71,'Thông tin về sản phẩm'!$A$2:$A$6228,'Thông tin về sản phẩm'!$AL$2:$AL$6228),"") -> MM | AF71: =IFERROR(_xlfn.XLOOKUP($C71,'Thông tin về sản phẩm'!$A$2:$A$6228,'Thông tin về sản phẩm'!$AM$2:$AM$6228),"") -> BM | AG71: =IFERROR(_xlfn.XLOOKUP($C71,'Thông tin về sản phẩm'!$A$2:$A$6228,'Thông tin về sản phẩm'!$AY$2:$AY$6228),"") -> Gạch POR Ốp_Lát | AH71: =IFERROR(_xlfn.XLOOKUP($C71,'Thông tin về sản phẩm'!$A$2:$A$6228,'Thông tin về sản phẩm'!$AZ$2:$AZ$6228),"") -> 5. Cơ bản
A72: PORCELAIN | B72: 150x600 | C72: 10001449 | D72: 411560WOOD011 | E72: POR 150x600, 1560WOOD011, AA | F72: 1560WOOD011 | G72: MỜ | I72: Sale | J72: 304000 | K72: 243200 | L72: 252320 | M72: 206700 | N72: 215800 | O72: 0.2 | P72: 0.17 | Q72: 📦 Xả kho (CT2 – TB 173) | R72: 196365 | S72: 215800 | T72: 0.3540625 | U72: =IFERROR(_xlfn.XLOOKUP($C72,'Thông tin về sản phẩm'!$A$2:$A$6228,'Thông tin về sản phẩm'!$F$2:$F$6228),"") -> GẠCH, POR 150x600, 1560WOOD011, Loại AA (L1) | V72: =IFERROR(_xlfn.XLOOKUP($C72,'Thông tin về sản phẩm'!$A$2:$A$6228,'Thông tin về sản phẩm'!$S$2:$S$6228),"") -> ỐP_LÁT | W72: =IFERROR(_xlfn.XLOOKUP($C72,'Thông tin về sản phẩm'!$A$2:$A$6228,'Thông tin về sản phẩm'!$Y$2:$Y$6228),"") -> NÂU | X72: =IFERROR(_xlfn.XLOOKUP($C72,'Thông tin về sản phẩm'!$A$2:$A$6228,'Thông tin về sản phẩm'!$AA$2:$AA$6228),"") -> ĐẶC_THÙ | Y72: =IFERROR(_xlfn.XLOOKUP($C72,'Thông tin về sản phẩm'!$A$2:$A$6228,'Thông tin về sản phẩm'!$AC$2:$AC$6228),"") -> VÂN_GỖ | Z72: =IFERROR(_xlfn.XLOOKUP($C72,'Thông tin về sản phẩm'!$A$2:$A$6228,'Thông tin về sản phẩm'!$AD$2:$AD$6228),"") -> 1.9 | AA72: =IFERROR(_xlfn.XLOOKUP($C72,'Thông tin về sản phẩm'!$A$2:$A$6228,'Thông tin về sản phẩm'!$I$2:$I$6228),"") -> VIE | AB72: =IFERROR(_xlfn.XLOOKUP($C72,'Thông tin về sản phẩm'!$A$2:$A$6228,'Thông tin về sản phẩm'!$AI$2:$AI$6228),"") -> 600 | AC72: =IFERROR(_xlfn.XLOOKUP($C72,'Thông tin về sản phẩm'!$A$2:$A$6228,'Thông tin về sản phẩm'!$AJ$2:$AJ$6228),"") -> 150 | AD72: =IFERROR(_xlfn.XLOOKUP($C72,'Thông tin về sản phẩm'!$A$2:$A$6228,'Thông tin về sản phẩm'!$AK$2:$AK$6228),"") -> 9.3 | AE72: =IFERROR(_xlfn.XLOOKUP($C72,'Thông tin về sản phẩm'!$A$2:$A$6228,'Thông tin về sản phẩm'!$AL$2:$AL$6228),"") -> MM | AF72: =IFERROR(_xlfn.XLOOKUP($C72,'Thông tin về sản phẩm'!$A$2:$A$6228,'Thông tin về sản phẩm'!$AM$2:$AM$6228),"") -> NSX | AG72: =IFERROR(_xlfn.XLOOKUP($C72,'Thông tin về sản phẩm'!$A$2:$A$6228,'Thông tin về sản phẩm'!$AY$2:$AY$6228),"") -> Gạch POR Ốp_Lát | AH72: =IFERROR(_xlfn.XLOOKUP($C72,'Thông tin về sản phẩm'!$A$2:$A$6228,'Thông tin về sản phẩm'!$AZ$2:$AZ$6228),"") -> 5. Cơ bản
A73: PORCELAIN | B73: 150x600 | C73: 10001407 | D73: 411560WOOD010 | E73: POR 150x600, 1560WOOD010, AA | F73: 1560WOOD010 | G73: MỜ | J73: 303491 | K73: 242792.8 | L73: 251897.53 | O73: 0.2 | P73: 0.17 | R73: 230653.16 | S73: 251897.53 | T73: 0.24 | U73: =IFERROR(_xlfn.XLOOKUP($C73,'Thông tin về sản phẩm'!$A$2:$A$6228,'Thông tin về sản phẩm'!$F$2:$F$6228),"") -> GẠCH, POR 150x600, 1560WOOD010, Loại AA (L1) | V73: =IFERROR(_xlfn.XLOOKUP($C73,'Thông tin về sản phẩm'!$A$2:$A$6228,'Thông tin về sản phẩm'!$S$2:$S$6228),"") -> ỐP_LÁT | W73: =IFERROR(_xlfn.XLOOKUP($C73,'Thông tin về sản phẩm'!$A$2:$A$6228,'Thông tin về sản phẩm'!$Y$2:$Y$6228),"") -> NÂU | X73: =IFERROR(_xlfn.XLOOKUP($C73,'Thông tin về sản phẩm'!$A$2:$A$6228,'Thông tin về sản phẩm'!$AA$2:$AA$6228),"") -> ĐẶC_THÙ | Y73: =IFERROR(_xlfn.XLOOKUP($C73,'Thông tin về sản phẩm'!$A$2:$A$6228,'Thông tin về sản phẩm'!$AC$2:$AC$6228),"") -> VÂN_GỖ | Z73: =IFERROR(_xlfn.XLOOKUP($C73,'Thông tin về sản phẩm'!$A$2:$A$6228,'Thông tin về sản phẩm'!$AD$2:$AD$6228),"") -> 1.9 | AA73: =IFERROR(_xlfn.XLOOKUP($C73,'Thông tin về sản phẩm'!$A$2:$A$6228,'Thông tin về sản phẩm'!$I$2:$I$6228),"") -> VIE | AB73: =IFERROR(_xlfn.XLOOKUP($C73,'Thông tin về sản phẩm'!$A$2:$A$6228,'Thông tin về sản phẩm'!$AI$2:$AI$6228),"") -> 600 | AC73: =IFERROR(_xlfn.XLOOKUP($C73,'Thông tin về sản phẩm'!$A$2:$A$6228,'Thông tin về sản phẩm'!$AJ$2:$AJ$6228),"") -> 150 | AD73: =IFERROR(_xlfn.XLOOKUP($C73,'Thông tin về sản phẩm'!$A$2:$A$6228,'Thông tin về sản phẩm'!$AK$2:$AK$6228),"") -> 9.3 | AE73: =IFERROR(_xlfn.XLOOKUP($C73,'Thông tin về sản phẩm'!$A$2:$A$6228,'Thông tin về sản phẩm'!$AL$2:$AL$6228),"") -> MM | AF73: =IFERROR(_xlfn.XLOOKUP($C73,'Thông tin về sản phẩm'!$A$2:$A$6228,'Thông tin về sản phẩm'!$AM$2:$AM$6228),"") -> BM | AG73: =IFERROR(_xlfn.XLOOKUP($C73,'Thông tin về sản phẩm'!$A$2:$A$6228,'Thông tin về sản phẩm'!$AY$2:$AY$6228),"") -> Gạch POR Ốp_Lát | AH73: =IFERROR(_xlfn.XLOOKUP($C73,'Thông tin về sản phẩm'!$A$2:$A$6228,'Thông tin về sản phẩm'!$AZ$2:$AZ$6228),"") -> 5. Cơ bản
A74: PORCELAIN | B74: 150x600 | C74: 10001425 | D74: 411560WOOD007 | E74: POR 150x600, 1560WOOD007, AA | F74: 1560WOOD007 | G74: MỜ | J74: 303491 | K74: 242792.8 | L74: 251897.53 | O74: 0.2 | P74: 0.17 | R74: 230653.16 | S74: 251897.53 | T74: 0.24 | U74: =IFERROR(_xlfn.XLOOKUP($C74,'Thông tin về sản phẩm'!$A$2:$A$6228,'Thông tin về sản phẩm'!$F$2:$F$6228),"") -> GẠCH, POR 150x600, 1560WOOD007, Loại AA (L1) | V74: =IFERROR(_xlfn.XLOOKUP($C74,'Thông tin về sản phẩm'!$A$2:$A$6228,'Thông tin về sản phẩm'!$S$2:$S$6228),"") -> ỐP_LÁT | W74: =IFERROR(_xlfn.XLOOKUP($C74,'Thông tin về sản phẩm'!$A$2:$A$6228,'Thông tin về sản phẩm'!$Y$2:$Y$6228),"") -> KEM | X74: =IFERROR(_xlfn.XLOOKUP($C74,'Thông tin về sản phẩm'!$A$2:$A$6228,'Thông tin về sản phẩm'!$AA$2:$AA$6228),"") -> ĐẶC_THÙ | Y74: =IFERROR(_xlfn.XLOOKUP($C74,'Thông tin về sản phẩm'!$A$2:$A$6228,'Thông tin về sản phẩm'!$AC$2:$AC$6228),"") -> VÂN_GỖ | Z74: =IFERROR(_xlfn.XLOOKUP($C74,'Thông tin về sản phẩm'!$A$2:$A$6228,'Thông tin về sản phẩm'!$AD$2:$AD$6228),"") -> 1.9 | AA74: =IFERROR(_xlfn.XLOOKUP($C74,'Thông tin về sản phẩm'!$A$2:$A$6228,'Thông tin về sản phẩm'!$I$2:$I$6228),"") -> VIE | AB74: =IFERROR(_xlfn.XLOOKUP($C74,'Thông tin về sản phẩm'!$A$2:$A$6228,'Thông tin về sản phẩm'!$AI$2:$AI$6228),"") -> 600 | AC74: =IFERROR(_xlfn.XLOOKUP($C74,'Thông tin về sản phẩm'!$A$2:$A$6228,'Thông tin về sản phẩm'!$AJ$2:$AJ$6228),"") -> 150 | AD74: =IFERROR(_xlfn.XLOOKUP($C74,'Thông tin về sản phẩm'!$A$2:$A$6228,'Thông tin về sản phẩm'!$AK$2:$AK$6228),"") -> 9.3 | AE74: =IFERROR(_xlfn.XLOOKUP($C74,'Thông tin về sản phẩm'!$A$2:$A$6228,'Thông tin về sản phẩm'!$AL$2:$AL$6228),"") -> MM | AF74: =IFERROR(_xlfn.XLOOKUP($C74,'Thông tin về sản phẩm'!$A$2:$A$6228,'Thông tin về sản phẩm'!$AM$2:$AM$6228),"") -> BM | AG74: =IFERROR(_xlfn.XLOOKUP($C74,'Thông tin về sản phẩm'!$A$2:$A$6228,'Thông tin về sản phẩm'!$AY$2:$AY$6228),"") -> Gạch POR Ốp_Lát | AH74: =IFERROR(_xlfn.XLOOKUP($C74,'Thông tin về sản phẩm'!$A$2:$A$6228,'Thông tin về sản phẩm'!$AZ$2:$AZ$6228),"") -> 5. Cơ bản
A75: PORCELAIN | B75: 200x1200 | C75: 10005813 | D75: 4120120BANYAN003-H+ | E75: POR 200x1200, 20120BANYAN003-H+, AA | F75: 20120BANYAN003-H+ | G75: MỜ | H75: 2. Chủ lực | I75: ĐL | J75: 649000 | K75: 519000 | L75: 539000 | O75: 0.20030817 | P75: 0.16949153 | R75: 493050 | S75: 539000 | T75: 0.24029276 | U75: =IFERROR(_xlfn.XLOOKUP($C75,'Thông tin về sản phẩm'!$A$2:$A$6228,'Thông tin về sản phẩm'!$F$2:$F$6228),"") -> GẠCH, POR 200x1200, 20120BANYAN003-H+, Loại AA (L1) | V75: =IFERROR(_xlfn.XLOOKUP($C75,'Thông tin về sản phẩm'!$A$2:$A$6228,'Thông tin về sản phẩm'!$S$2:$S$6228),"") -> GẠCH_GỖ | W75: =IFERROR(_xlfn.XLOOKUP($C75,'Thông tin về sản phẩm'!$A$2:$A$6228,'Thông tin về sản phẩm'!$Y$2:$Y$6228),"") -> NÂU | X75: =IFERROR(_xlfn.XLOOKUP($C75,'Thông tin về sản phẩm'!$A$2:$A$6228,'Thông tin về sản phẩm'!$AA$2:$AA$6228),"") -> KHÁNG_KHUẨN | Y75: =IFERROR(_xlfn.XLOOKUP($C75,'Thông tin về sản phẩm'!$A$2:$A$6228,'Thông tin về sản phẩm'!$AC$2:$AC$6228),"") -> VÂN_GỖ | Z75: =IFERROR(_xlfn.XLOOKUP($C75,'Thông tin về sản phẩm'!$A$2:$A$6228,'Thông tin về sản phẩm'!$AD$2:$AD$6228),"") -> 5.7 | AA75: =IFERROR(_xlfn.XLOOKUP($C75,'Thông tin về sản phẩm'!$A$2:$A$6228,'Thông tin về sản phẩm'!$I$2:$I$6228),"") -> VIE | AB75: =IFERROR(_xlfn.XLOOKUP($C75,'Thông tin về sản phẩm'!$A$2:$A$6228,'Thông tin về sản phẩm'!$AI$2:$AI$6228),"") -> 1200 | AC75: =IFERROR(_xlfn.XLOOKUP($C75,'Thông tin về sản phẩm'!$A$2:$A$6228,'Thông tin về sản phẩm'!$AJ$2:$AJ$6228),"") -> 200 | AD75: =IFERROR(_xlfn.XLOOKUP($C75,'Thông tin về sản phẩm'!$A$2:$A$6228,'Thông tin về sản phẩm'!$AK$2:$AK$6228),"") -> 11 | AE75: =IFERROR(_xlfn.XLOOKUP($C75,'Thông tin về sản phẩm'!$A$2:$A$6228,'Thông tin về sản phẩm'!$AL$2:$AL$6228),"") -> MM | AF75: =IFERROR(_xlfn.XLOOKUP($C75,'Thông tin về sản phẩm'!$A$2:$A$6228,'Thông tin về sản phẩm'!$AM$2:$AM$6228),"") -> MV | AG75: =IFERROR(_xlfn.XLOOKUP($C75,'Thông tin về sản phẩm'!$A$2:$A$6228,'Thông tin về sản phẩm'!$AY$2:$AY$6228),"") -> Gạch POR Ốp_Lát | AH75: =IFERROR(_xlfn.XLOOKUP($C75,'Thông tin về sản phẩm'!$A$2:$A$6228,'Thông tin về sản phẩm'!$AZ$2:$AZ$6228),"") -> 2. Chủ lực
A76: PORCELAIN | B76: 200x1200 | C76: 10005816 | D76: 4120120BANYAN005-H+ | E76: POR 200x1200, 20120BANYAN005-H+, AA | F76: 20120BANYAN005-H+ | G76: MỜ | H76: 2. Chủ lực | I76: ĐL | J76: 649000 | K76: 519000 | L76: 539000 | O76: 0.20030817 | P76: 0.16949153 | R76: 493050 | S76: 539000 | T76: 0.24029276 | U76: =IFERROR(_xlfn.XLOOKUP($C76,'Thông tin về sản phẩm'!$A$2:$A$6228,'Thông tin về sản phẩm'!$F$2:$F$6228),"") -> GẠCH, POR 200x1200, 20120BANYAN005-H+, Loại AA (L1) | V76: =IFERROR(_xlfn.XLOOKUP($C76,'Thông tin về sản phẩm'!$A$2:$A$6228,'Thông tin về sản phẩm'!$S$2:$S$6228),"") -> GẠCH_GỖ | W76: =IFERROR(_xlfn.XLOOKUP($C76,'Thông tin về sản phẩm'!$A$2:$A$6228,'Thông tin về sản phẩm'!$Y$2:$Y$6228),"") -> NÂU | X76: =IFERROR(_xlfn.XLOOKUP($C76,'Thông tin về sản phẩm'!$A$2:$A$6228,'Thông tin về sản phẩm'!$AA$2:$AA$6228),"") -> KHÁNG_KHUẨN | Y76: =IFERROR(_xlfn.XLOOKUP($C76,'Thông tin về sản phẩm'!$A$2:$A$6228,'Thông tin về sản phẩm'!$AC$2:$AC$6228),"") -> VÂN_GỖ | Z76: =IFERROR(_xlfn.XLOOKUP($C76,'Thông tin về sản phẩm'!$A$2:$A$6228,'Thông tin về sản phẩm'!$AD$2:$AD$6228),"") -> 5.7 | AA76: =IFERROR(_xlfn.XLOOKUP($C76,'Thông tin về sản phẩm'!$A$2:$A$6228,'Thông tin về sản phẩm'!$I$2:$I$6228),"") -> VIE | AB76: =IFERROR(_xlfn.XLOOKUP($C76,'Thông tin về sản phẩm'!$A$2:$A$6228,'Thông tin về sản phẩm'!$AI$2:$AI$6228),"") -> 1200 | AC76: =IFERROR(_xlfn.XLOOKUP($C76,'Thông tin về sản phẩm'!$A$2:$A$6228,'Thông tin về sản phẩm'!$AJ$2:$AJ$6228),"") -> 200 | AD76: =IFERROR(_xlfn.XLOOKUP($C76,'Thông tin về sản phẩm'!$A$2:$A$6228,'Thông tin về sản phẩm'!$AK$2:$AK$6228),"") -> 11 | AE76: =IFERROR(_xlfn.XLOOKUP($C76,'Thông tin về sản phẩm'!$A$2:$A$6228,'Thông tin về sản phẩm'!$AL$2:$AL$6228),"") -> MM | AF76: =IFERROR(_xlfn.XLOOKUP($C76,'Thông tin về sản phẩm'!$A$2:$A$6228,'Thông tin về sản phẩm'!$AM$2:$AM$6228),"") -> MV | AG76: =IFERROR(_xlfn.XLOOKUP($C76,'Thông tin về sản phẩm'!$A$2:$A$6228,'Thông tin về sản phẩm'!$AY$2:$AY$6228),"") -> Gạch POR Ốp_Lát | AH76: =IFERROR(_xlfn.XLOOKUP($C76,'Thông tin về sản phẩm'!$A$2:$A$6228,'Thông tin về sản phẩm'!$AZ$2:$AZ$6228),"") -> 2. Chủ lực
A77: PORCELAIN | B77: 200x1200 | C77: 10005812 | D77: 4120120BANYAN001-H+ | E77: POR 200x1200, 20120BANYAN001-H+, AA | F77: 20120BANYAN001-H+ | G77: MỜ | H77: 2. Chủ lực | I77: ĐL | J77: 649000 | K77: 519000 | L77: 539000 | O77: 0.20030817 | P77: 0.16949153 | R77: 493050 | S77: 539000 | T77: 0.24029276 | U77: =IFERROR(_xlfn.XLOOKUP($C77,'Thông tin về sản phẩm'!$A$2:$A$6228,'Thông tin về sản phẩm'!$F$2:$F$6228),"") -> GẠCH, POR 200x1200, 20120BANYAN001-H+, Loại AA (L1) | V77: =IFERROR(_xlfn.XLOOKUP($C77,'Thông tin về sản phẩm'!$A$2:$A$6228,'Thông tin về sản phẩm'!$S$2:$S$6228),"") -> GẠCH_GỖ | W77: =IFERROR(_xlfn.XLOOKUP($C77,'Thông tin về sản phẩm'!$A$2:$A$6228,'Thông tin về sản phẩm'!$Y$2:$Y$6228),"") -> KEM | X77: =IFERROR(_xlfn.XLOOKUP($C77,'Thông tin về sản phẩm'!$A$2:$A$6228,'Thông tin về sản phẩm'!$AA$2:$AA$6228),"") -> KHÁNG_KHUẨN | Y77: =IFERROR(_xlfn.XLOOKUP($C77,'Thông tin về sản phẩm'!$A$2:$A$6228,'Thông tin về sản phẩm'!$AC$2:$AC$6228),"") -> VÂN_GỖ | Z77: =IFERROR(_xlfn.XLOOKUP($C77,'Thông tin về sản phẩm'!$A$2:$A$6228,'Thông tin về sản phẩm'!$AD$2:$AD$6228),"") -> 5.7 | AA77: =IFERROR(_xlfn.XLOOKUP($C77,'Thông tin về sản phẩm'!$A$2:$A$6228,'Thông tin về sản phẩm'!$I$2:$I$6228),"") -> VIE | AB77: =IFERROR(_xlfn.XLOOKUP($C77,'Thông tin về sản phẩm'!$A$2:$A$6228,'Thông tin về sản phẩm'!$AI$2:$AI$6228),"") -> 1200 | AC77: =IFERROR(_xlfn.XLOOKUP($C77,'Thông tin về sản phẩm'!$A$2:$A$6228,'Thông tin về sản phẩm'!$AJ$2:$AJ$6228),"") -> 200 | AD77: =IFERROR(_xlfn.XLOOKUP($C77,'Thông tin về sản phẩm'!$A$2:$A$6228,'Thông tin về sản phẩm'!$AK$2:$AK$6228),"") -> 11 | AE77: =IFERROR(_xlfn.XLOOKUP($C77,'Thông tin về sản phẩm'!$A$2:$A$6228,'Thông tin về sản phẩm'!$AL$2:$AL$6228),"") -> MM | AF77: =IFERROR(_xlfn.XLOOKUP($C77,'Thông tin về sản phẩm'!$A$2:$A$6228,'Thông tin về sản phẩm'!$AM$2:$AM$6228),"") -> MV | AG77: =IFERROR(_xlfn.XLOOKUP($C77,'Thông tin về sản phẩm'!$A$2:$A$6228,'Thông tin về sản phẩm'!$AY$2:$AY$6228),"") -> Gạch POR Ốp_Lát | AH77: =IFERROR(_xlfn.XLOOKUP($C77,'Thông tin về sản phẩm'!$A$2:$A$6228,'Thông tin về sản phẩm'!$AZ$2:$AZ$6228),"") -> 2. Chủ lực
A78: PORCELAIN | B78: 200x1200 | C78: 10005814 | D78: 4120120BANYAN002-H+ | E78: POR 200x1200, 20120BANYAN002-H+, AA | F78: 20120BANYAN002-H+ | G78: MỜ | H78: 2. Chủ lực | I78: ĐL | J78: 649000 | K78: 519000 | L78: 539000 | O78: 0.20030817 | P78: 0.16949153 | R78: 493050 | S78: 539000 | T78: 0.24029276 | U78: =IFERROR(_xlfn.XLOOKUP($C78,'Thông tin về sản phẩm'!$A$2:$A$6228,'Thông tin về sản phẩm'!$F$2:$F$6228),"") -> GẠCH, POR 200x1200, 20120BANYAN002-H+, Loại AA (L1) | V78: =IFERROR(_xlfn.XLOOKUP($C78,'Thông tin về sản phẩm'!$A$2:$A$6228,'Thông tin về sản phẩm'!$S$2:$S$6228),"") -> GẠCH_GỖ | W78: =IFERROR(_xlfn.XLOOKUP($C78,'Thông tin về sản phẩm'!$A$2:$A$6228,'Thông tin về sản phẩm'!$Y$2:$Y$6228),"") -> KEM | X78: =IFERROR(_xlfn.XLOOKUP($C78,'Thông tin về sản phẩm'!$A$2:$A$6228,'Thông tin về sản phẩm'!$AA$2:$AA$6228),"") -> KHÁNG_KHUẨN | Y78: =IFERROR(_xlfn.XLOOKUP($C78,'Thông tin về sản phẩm'!$A$2:$A$6228,'Thông tin về sản phẩm'!$AC$2:$AC$6228),"") -> VÂN_GỖ | Z78: =IFERROR(_xlfn.XLOOKUP($C78,'Thông tin về sản phẩm'!$A$2:$A$6228,'Thông tin về sản phẩm'!$AD$2:$AD$6228),"") -> 5.7 | AA78: =IFERROR(_xlfn.XLOOKUP($C78,'Thông tin về sản phẩm'!$A$2:$A$6228,'Thông tin về sản phẩm'!$I$2:$I$6228),"") -> VIE | AB78: =IFERROR(_xlfn.XLOOKUP($C78,'Thông tin về sản phẩm'!$A$2:$A$6228,'Thông tin về sản phẩm'!$AI$2:$AI$6228),"") -> 1200 | AC78: =IFERROR(_xlfn.XLOOKUP($C78,'Thông tin về sản phẩm'!$A$2:$A$6228,'Thông tin về sản phẩm'!$AJ$2:$AJ$6228),"") -> 200 | AD78: =IFERROR(_xlfn.XLOOKUP($C78,'Thông tin về sản phẩm'!$A$2:$A$6228,'Thông tin về sản phẩm'!$AK$2:$AK$6228),"") -> 11 | AE78: =IFERROR(_xlfn.XLOOKUP($C78,'Thông tin về sản phẩm'!$A$2:$A$6228,'Thông tin về sản phẩm'!$AL$2:$AL$6228),"") -> MM | AF78: =IFERROR(_xlfn.XLOOKUP($C78,'Thông tin về sản phẩm'!$A$2:$A$6228,'Thông tin về sản phẩm'!$AM$2:$AM$6228),"") -> MV | AG78: =IFERROR(_xlfn.XLOOKUP($C78,'Thông tin về sản phẩm'!$A$2:$A$6228,'Thông tin về sản phẩm'!$AY$2:$AY$6228),"") -> Gạch POR Ốp_Lát | AH78: =IFERROR(_xlfn.XLOOKUP($C78,'Thông tin về sản phẩm'!$A$2:$A$6228,'Thông tin về sản phẩm'!$AZ$2:$AZ$6228),"") -> 2. Chủ lực
A79: PORCELAIN | B79: 200x1200 | C79: 10005815 | D79: 4120120BANYAN004-H+ | E79: POR 200x1200, 20120BANYAN004-H+, AA | F79: 20120BANYAN004-H+ | G79: MỜ | H79: 2. Chủ lực | I79: ĐL | J79: 649000 | K79: 519000 | L79: 539000 | O79: 0.20030817 | P79: 0.16949153 | R79: 493050 | S79: 539000 | T79: 0.24029276 | U79: =IFERROR(_xlfn.XLOOKUP($C79,'Thông tin về sản phẩm'!$A$2:$A$6228,'Thông tin về sản phẩm'!$F$2:$F$6228),"") -> GẠCH, POR 200x1200, 20120BANYAN004-H+, Loại AA (L1) | V79: =IFERROR(_xlfn.XLOOKUP($C79,'Thông tin về sản phẩm'!$A$2:$A$6228,'Thông tin về sản phẩm'!$S$2:$S$6228),"") -> GẠCH_GỖ | W79: =IFERROR(_xlfn.XLOOKUP($C79,'Thông tin về sản phẩm'!$A$2:$A$6228,'Thông tin về sản phẩm'!$Y$2:$Y$6228),"") -> NÂU | X79: =IFERROR(_xlfn.XLOOKUP($C79,'Thông tin về sản phẩm'!$A$2:$A$6228,'Thông tin về sản phẩm'!$AA$2:$AA$6228),"") -> KHÁNG_KHUẨN | Y79: =IFERROR(_xlfn.XLOOKUP($C79,'Thông tin về sản phẩm'!$A$2:$A$6228,'Thông tin về sản phẩm'!$AC$2:$AC$6228),"") -> VÂN_GỖ | Z79: =IFERROR(_xlfn.XLOOKUP($C79,'Thông tin về sản phẩm'!$A$2:$A$6228,'Thông tin về sản phẩm'!$AD$2:$AD$6228),"") -> 5.7 | AA79: =IFERROR(_xlfn.XLOOKUP($C79,'Thông tin về sản phẩm'!$A$2:$A$6228,'Thông tin về sản phẩm'!$I$2:$I$6228),"") -> VIE | AB79: =IFERROR(_xlfn.XLOOKUP($C79,'Thông tin về sản phẩm'!$A$2:$A$6228,'Thông tin về sản phẩm'!$AI$2:$AI$6228),"") -> 1200 | AC79: =IFERROR(_xlfn.XLOOKUP($C79,'Thông tin về sản phẩm'!$A$2:$A$6228,'Thông tin về sản phẩm'!$AJ$2:$AJ$6228),"") -> 200 | AD79: =IFERROR(_xlfn.XLOOKUP($C79,'Thông tin về sản phẩm'!$A$2:$A$6228,'Thông tin về sản phẩm'!$AK$2:$AK$6228),"") -> 11 | AE79: =IFERROR(_xlfn.XLOOKUP($C79,'Thông tin về sản phẩm'!$A$2:$A$6228,'Thông tin về sản phẩm'!$AL$2:$AL$6228),"") -> MM | AF79: =IFERROR(_xlfn.XLOOKUP($C79,'Thông tin về sản phẩm'!$A$2:$A$6228,'Thông tin về sản phẩm'!$AM$2:$AM$6228),"") -> MV | AG79: =IFERROR(_xlfn.XLOOKUP($C79,'Thông tin về sản phẩm'!$A$2:$A$6228,'Thông tin về sản phẩm'!$AY$2:$AY$6228),"") -> Gạch POR Ốp_Lát | AH79: =IFERROR(_xlfn.XLOOKUP($C79,'Thông tin về sản phẩm'!$A$2:$A$6228,'Thông tin về sản phẩm'!$AZ$2:$AZ$6228),"") -> 2. Chủ lực
A80: CERAMIC | B80: 200x200 | C80: 10000036 | D80: 31TL03 | E80: CER 200x200, TL03, AA | F80: TL03 | G80: BÓNG | H80: 2. Chủ lực | J80: 214000 | K80: 171200 | L80: 177620 | O80: 0.2 | P80: 0.17 | R80: 162640 | S80: 177620 | T80: 0.24 | U80: =IFERROR(_xlfn.XLOOKUP($C80,'Thông tin về sản phẩm'!$A$2:$A$6228,'Thông tin về sản phẩm'!$F$2:$F$6228),"") -> GẠCH, CER 200x200, TL03, Loại AA (L1) | V80: =IFERROR(_xlfn.XLOOKUP($C80,'Thông tin về sản phẩm'!$A$2:$A$6228,'Thông tin về sản phẩm'!$S$2:$S$6228),"") -> ỐP_TƯỜNG | W80: =IFERROR(_xlfn.XLOOKUP($C80,'Thông tin về sản phẩm'!$A$2:$A$6228,'Thông tin về sản phẩm'!$Y$2:$Y$6228),"") -> XANH | X80: =IFERROR(_xlfn.XLOOKUP($C80,'Thông tin về sản phẩm'!$A$2:$A$6228,'Thông tin về sản phẩm'!$AA$2:$AA$6228),"") -> ĐẶC_THÙ | Y80: =IFERROR(_xlfn.XLOOKUP($C80,'Thông tin về sản phẩm'!$A$2:$A$6228,'Thông tin về sản phẩm'!$AC$2:$AC$6228),"") -> KHÔNG_HOA_VĂN | Z80: =IFERROR(_xlfn.XLOOKUP($C80,'Thông tin về sản phẩm'!$A$2:$A$6228,'Thông tin về sản phẩm'!$AD$2:$AD$6228),"") -> 0.52 | AA80: =IFERROR(_xlfn.XLOOKUP($C80,'Thông tin về sản phẩm'!$A$2:$A$6228,'Thông tin về sản phẩm'!$I$2:$I$6228),"") -> VIE | AB80: =IFERROR(_xlfn.XLOOKUP($C80,'Thông tin về sản phẩm'!$A$2:$A$6228,'Thông tin về sản phẩm'!$AI$2:$AI$6228),"") -> 200 | AC80: =IFERROR(_xlfn.XLOOKUP($C80,'Thông tin về sản phẩm'!$A$2:$A$6228,'Thông tin về sản phẩm'!$AJ$2:$AJ$6228),"") -> 200 | AD80: =IFERROR(_xlfn.XLOOKUP($C80,'Thông tin về sản phẩm'!$A$2:$A$6228,'Thông tin về sản phẩm'!$AK$2:$AK$6228),"") -> 6.9 | AE80: =IFERROR(_xlfn.XLOOKUP($C80,'Thông tin về sản phẩm'!$A$2:$A$6228,'Thông tin về sản phẩm'!$AL$2:$AL$6228),"") -> MM | AF80: =IFERROR(_xlfn.XLOOKUP($C80,'Thông tin về sản phẩm'!$A$2:$A$6228,'Thông tin về sản phẩm'!$AM$2:$AM$6228),"") -> MV | AG80: =IFERROR(_xlfn.XLOOKUP($C80,'Thông tin về sản phẩm'!$A$2:$A$6228,'Thông tin về sản phẩm'!$AY$2:$AY$6228),"") -> Gạch CER Ốp_Tường | AH80: =IFERROR(_xlfn.XLOOKUP($C80,'Thông tin về sản phẩm'!$A$2:$A$6228,'Thông tin về sản phẩm'!$AZ$2:$AZ$6228),"") -> 2. Chủ lực
A81: CERAMIC | B81: 200x200 | C81: 10000639 | D81: 312020MARINA001 | E81: CER 200x200, 2020MARINA001, AA | F81: 2020MARINA001 | G81: BÓNG | H81: 2. Chủ lực | I81: Sale | J81: 214000 | K81: 171000 | L81: 178000 | M81: 145500 | N81: 151900 | O81: 0.20093458 | P81: 0.1682243 | Q81: 🔥 Sale tháng (CT1 – TB 169) | R81: 138225 | S81: 151900 | T81: 0.35408879 | U81: =IFERROR(_xlfn.XLOOKUP($C81,'Thông tin về sản phẩm'!$A$2:$A$6228,'Thông tin về sản phẩm'!$F$2:$F$6228),"") -> GẠCH, CER 200x200, 2020MARINA001, Loại AA (L1) | V81: =IFERROR(_xlfn.XLOOKUP($C81,'Thông tin về sản phẩm'!$A$2:$A$6228,'Thông tin về sản phẩm'!$S$2:$S$6228),"") -> HỒ_BƠI | W81: =IFERROR(_xlfn.XLOOKUP($C81,'Thông tin về sản phẩm'!$A$2:$A$6228,'Thông tin về sản phẩm'!$Y$2:$Y$6228),"") -> XANH_DƯƠNG | X81: =IFERROR(_xlfn.XLOOKUP($C81,'Thông tin về sản phẩm'!$A$2:$A$6228,'Thông tin về sản phẩm'!$AA$2:$AA$6228),"") -> ĐẶC_THÙ | Y81: =IFERROR(_xlfn.XLOOKUP($C81,'Thông tin về sản phẩm'!$A$2:$A$6228,'Thông tin về sản phẩm'!$AC$2:$AC$6228),"") -> MOSAIC | Z81: =IFERROR(_xlfn.XLOOKUP($C81,'Thông tin về sản phẩm'!$A$2:$A$6228,'Thông tin về sản phẩm'!$AD$2:$AD$6228),"") -> 0.52 | AA81: =IFERROR(_xlfn.XLOOKUP($C81,'Thông tin về sản phẩm'!$A$2:$A$6228,'Thông tin về sản phẩm'!$I$2:$I$6228),"") -> VIE | AB81: =IFERROR(_xlfn.XLOOKUP($C81,'Thông tin về sản phẩm'!$A$2:$A$6228,'Thông tin về sản phẩm'!$AI$2:$AI$6228),"") -> 200 | AC81: =IFERROR(_xlfn.XLOOKUP($C81,'Thông tin về sản phẩm'!$A$2:$A$6228,'Thông tin về sản phẩm'!$AJ$2:$AJ$6228),"") -> 200 | AD81: =IFERROR(_xlfn.XLOOKUP($C81,'Thông tin về sản phẩm'!$A$2:$A$6228,'Thông tin về sản phẩm'!$AK$2:$AK$6228),"") -> 6.9 | AE81: =IFERROR(_xlfn.XLOOKUP($C81,'Thông tin về sản phẩm'!$A$2:$A$6228,'Thông tin về sản phẩm'!$AL$2:$AL$6228),"") -> MM | AF81: =IFERROR(_xlfn.XLOOKUP($C81,'Thông tin về sản phẩm'!$A$2:$A$6228,'Thông tin về sản phẩm'!$AM$2:$AM$6228),"") -> MV | AG81: =IFERROR(_xlfn.XLOOKUP($C81,'Thông tin về sản phẩm'!$A$2:$A$6228,'Thông tin về sản phẩm'!$AY$2:$AY$6228),"") -> Gạch CER Ốp_Tường | AH81: =IFERROR(_xlfn.XLOOKUP($C81,'Thông tin về sản phẩm'!$A$2:$A$6228,'Thông tin về sản phẩm'!$AZ$2:$AZ$6228),"") -> 4. Tiềm năng
A82: CERAMIC | B82: 200x200 | C82: 10000640 | D82: 312020MARINA002 | E82: CER 200x200, 2020MARINA002, AA | F82: 2020MARINA002 | G82: BÓNG | H82: 2. Chủ lực | I82: ĐL | J82: 214000 | K82: 171000 | L82: 178000 | O82: 0.20093458 | P82: 0.1682243 | R82: 162450 | S82: 178000 | T82: 0.24088785 | U82: =IFERROR(_xlfn.XLOOKUP($C82,'Thông tin về sản phẩm'!$A$2:$A$6228,'Thông tin về sản phẩm'!$F$2:$F$6228),"") -> GẠCH, CER 200x200, 2020MARINA002, Loại AA (L1) | V82: =IFERROR(_xlfn.XLOOKUP($C82,'Thông tin về sản phẩm'!$A$2:$A$6228,'Thông tin về sản phẩm'!$S$2:$S$6228),"") -> HỒ_BƠI | W82: =IFERROR(_xlfn.XLOOKUP($C82,'Thông tin về sản phẩm'!$A$2:$A$6228,'Thông tin về sản phẩm'!$Y$2:$Y$6228),"") -> XANH_DƯƠNG | X82: =IFERROR(_xlfn.XLOOKUP($C82,'Thông tin về sản phẩm'!$A$2:$A$6228,'Thông tin về sản phẩm'!$AA$2:$AA$6228),"") -> ĐẶC_THÙ | Y82: =IFERROR(_xlfn.XLOOKUP($C82,'Thông tin về sản phẩm'!$A$2:$A$6228,'Thông tin về sản phẩm'!$AC$2:$AC$6228),"") -> MOSAIC | Z82: =IFERROR(_xlfn.XLOOKUP($C82,'Thông tin về sản phẩm'!$A$2:$A$6228,'Thông tin về sản phẩm'!$AD$2:$AD$6228),"") -> 0.52 | AA82: =IFERROR(_xlfn.XLOOKUP($C82,'Thông tin về sản phẩm'!$A$2:$A$6228,'Thông tin về sản phẩm'!$I$2:$I$6228),"") -> VIE | AB82: =IFERROR(_xlfn.XLOOKUP($C82,'Thông tin về sản phẩm'!$A$2:$A$6228,'Thông tin về sản phẩm'!$AI$2:$AI$6228),"") -> 200 | AC82: =IFERROR(_xlfn.XLOOKUP($C82,'Thông tin về sản phẩm'!$A$2:$A$6228,'Thông tin về sản phẩm'!$AJ$2:$AJ$6228),"") -> 200 | AD82: =IFERROR(_xlfn.XLOOKUP($C82,'Thông tin về sản phẩm'!$A$2:$A$6228,'Thông tin về sản phẩm'!$AK$2:$AK$6228),"") -> 6.9 | AE82: =IFERROR(_xlfn.XLOOKUP($C82,'Thông tin về sản phẩm'!$A$2:$A$6228,'Thông tin về sản phẩm'!$AL$2:$AL$6228),"") -> MM | AF82: =IFERROR(_xlfn.XLOOKUP($C82,'Thông tin về sản phẩm'!$A$2:$A$6228,'Thông tin về sản phẩm'!$AM$2:$AM$6228),"") -> MV | AG82: =IFERROR(_xlfn.XLOOKUP($C82,'Thông tin về sản phẩm'!$A$2:$A$6228,'Thông tin về sản phẩm'!$AY$2:$AY$6228),"") -> Gạch CER Ốp_Tường | AH82: =IFERROR(_xlfn.XLOOKUP($C82,'Thông tin về sản phẩm'!$A$2:$A$6228,'Thông tin về sản phẩm'!$AZ$2:$AZ$6228),"") -> 2. Chủ lực
A83: CERAMIC | B83: 200x200 | C83: 10000631 | D83: 312020MARINA004 | E83: CER 200x200, 2020MARINA004, AA | F83: 2020MARINA004 | G83: BÓNG | H83: 3. Chuyển đổi | I83: Sale | J83: 214000 | K83: 171000 | L83: 178000 | M83: 145500 | N83: 151900 | O83: 0.20093458 | P83: 0.1682243 | Q83: 🔥 Sale tháng (CT1 – TB 169) | R83: 138225 | S83: 151900 | T83: 0.35408879 | U83: =IFERROR(_xlfn.XLOOKUP($C83,'Thông tin về sản phẩm'!$A$2:$A$6228,'Thông tin về sản phẩm'!$F$2:$F$6228),"") -> GẠCH, CER 200x200, 2020MARINA004, Loại AA (L1) | V83: =IFERROR(_xlfn.XLOOKUP($C83,'Thông tin về sản phẩm'!$A$2:$A$6228,'Thông tin về sản phẩm'!$S$2:$S$6228),"") -> HỒ_BƠI | W83: =IFERROR(_xlfn.XLOOKUP($C83,'Thông tin về sản phẩm'!$A$2:$A$6228,'Thông tin về sản phẩm'!$Y$2:$Y$6228),"") -> XANH_DƯƠNG | X83: =IFERROR(_xlfn.XLOOKUP($C83,'Thông tin về sản phẩm'!$A$2:$A$6228,'Thông tin về sản phẩm'!$AA$2:$AA$6228),"") -> ĐẶC_THÙ | Y83: =IFERROR(_xlfn.XLOOKUP($C83,'Thông tin về sản phẩm'!$A$2:$A$6228,'Thông tin về sản phẩm'!$AC$2:$AC$6228),"") -> MOSAIC | Z83: =IFERROR(_xlfn.XLOOKUP($C83,'Thông tin về sản phẩm'!$A$2:$A$6228,'Thông tin về sản phẩm'!$AD$2:$AD$6228),"") -> 0.52 | AA83: =IFERROR(_xlfn.XLOOKUP($C83,'Thông tin về sản phẩm'!$A$2:$A$6228,'Thông tin về sản phẩm'!$I$2:$I$6228),"") -> VIE | AB83: =IFERROR(_xlfn.XLOOKUP($C83,'Thông tin về sản phẩm'!$A$2:$A$6228,'Thông tin về sản phẩm'!$AI$2:$AI$6228),"") -> 200 | AC83: =IFERROR(_xlfn.XLOOKUP($C83,'Thông tin về sản phẩm'!$A$2:$A$6228,'Thông tin về sản phẩm'!$AJ$2:$AJ$6228),"") -> 200 | AD83: =IFERROR(_xlfn.XLOOKUP($C83,'Thông tin về sản phẩm'!$A$2:$A$6228,'Thông tin về sản phẩm'!$AK$2:$AK$6228),"") -> 6.9 | AE83: =IFERROR(_xlfn.XLOOKUP($C83,'Thông tin về sản phẩm'!$A$2:$A$6228,'Thông tin về sản phẩm'!$AL$2:$AL$6228),"") -> MM | AF83: =IFERROR(_xlfn.XLOOKUP($C83,'Thông tin về sản phẩm'!$A$2:$A$6228,'Thông tin về sản phẩm'!$AM$2:$AM$6228),"") -> MV | AG83: =IFERROR(_xlfn.XLOOKUP($C83,'Thông tin về sản phẩm'!$A$2:$A$6228,'Thông tin về sản phẩm'!$AY$2:$AY$6228),"") -> Gạch CER Ốp_Tường | AH83: =IFERROR(_xlfn.XLOOKUP($C83,'Thông tin về sản phẩm'!$A$2:$A$6228,'Thông tin về sản phẩm'!$AZ$2:$AZ$6228),"") -> 4. Tiềm năng
A84: CERAMIC | B84: 200x200 | C84: 10000422 | D84: 31TL01 | E84: CER 200x200, TL01, AA | F84: TL01 | G84: BÓNG | H84: 2. Chủ lực | I84: ĐL | J84: 214000 | K84: 171000 | L84: 178000 | O84: 0.20093458 | P84: 0.1682243 | R84: 162450 | S84: 178000 | T84: 0.24088785 | U84: =IFERROR(_xlfn.XLOOKUP($C84,'Thông tin về sản phẩm'!$A$2:$A$6228,'Thông tin về sản phẩm'!$F$2:$F$6228),"") -> GẠCH, CER 200x200, TL01, Loại AA (L1) | V84: =IFERROR(_xlfn.XLOOKUP($C84,'Thông tin về sản phẩm'!$A$2:$A$6228,'Thông tin về sản phẩm'!$S$2:$S$6228),"") -> ỐP_TƯỜNG | W84: =IFERROR(_xlfn.XLOOKUP($C84,'Thông tin về sản phẩm'!$A$2:$A$6228,'Thông tin về sản phẩm'!$Y$2:$Y$6228),"") -> TRẮNG | X84: =IFERROR(_xlfn.XLOOKUP($C84,'Thông tin về sản phẩm'!$A$2:$A$6228,'Thông tin về sản phẩm'!$AA$2:$AA$6228),"") -> ĐẶC_THÙ | Y84: =IFERROR(_xlfn.XLOOKUP($C84,'Thông tin về sản phẩm'!$A$2:$A$6228,'Thông tin về sản phẩm'!$AC$2:$AC$6228),"") -> KHÔNG_HOA_VĂN | Z84: =IFERROR(_xlfn.XLOOKUP($C84,'Thông tin về sản phẩm'!$A$2:$A$6228,'Thông tin về sản phẩm'!$AD$2:$AD$6228),"") -> 0.52 | AA84: =IFERROR(_xlfn.XLOOKUP($C84,'Thông tin về sản phẩm'!$A$2:$A$6228,'Thông tin về sản phẩm'!$I$2:$I$6228),"") -> VIE | AB84: =IFERROR(_xlfn.XLOOKUP($C84,'Thông tin về sản phẩm'!$A$2:$A$6228,'Thông tin về sản phẩm'!$AI$2:$AI$6228),"") -> 200 | AC84: =IFERROR(_xlfn.XLOOKUP($C84,'Thông tin về sản phẩm'!$A$2:$A$6228,'Thông tin về sản phẩm'!$AJ$2:$AJ$6228),"") -> 200 | AD84: =IFERROR(_xlfn.XLOOKUP($C84,'Thông tin về sản phẩm'!$A$2:$A$6228,'Thông tin về sản phẩm'!$AK$2:$AK$6228),"") -> 6.9 | AE84: =IFERROR(_xlfn.XLOOKUP($C84,'Thông tin về sản phẩm'!$A$2:$A$6228,'Thông tin về sản phẩm'!$AL$2:$AL$6228),"") -> MM | AF84: =IFERROR(_xlfn.XLOOKUP($C84,'Thông tin về sản phẩm'!$A$2:$A$6228,'Thông tin về sản phẩm'!$AM$2:$AM$6228),"") -> MV | AG84: =IFERROR(_xlfn.XLOOKUP($C84,'Thông tin về sản phẩm'!$A$2:$A$6228,'Thông tin về sản phẩm'!$AY$2:$AY$6228),"") -> Gạch CER Ốp_Tường | AH84: =IFERROR(_xlfn.XLOOKUP($C84,'Thông tin về sản phẩm'!$A$2:$A$6228,'Thông tin về sản phẩm'!$AZ$2:$AZ$6228),"") -> 2. Chủ lực
A85: PORCELAIN | B85: 200x200 | C85: 10000004 | D85: 312020HOAMY001 | E85: POR 200x200, 2020HOAMY001, AA | F85: 2020HOAMY001 | G85: MỜ | I85: Sale | J85: 706000 | K85: 564800 | L85: 585980 | M85: 480100 | N85: 501300 | O85: 0.2 | P85: 0.17 | Q85: 📦 Xả kho (CT2 – TB 173) | R85: 456095 | S85: 501300 | T85: 0.35397309 | U85: =IFERROR(_xlfn.XLOOKUP($C85,'Thông tin về sản phẩm'!$A$2:$A$6228,'Thông tin về sản phẩm'!$F$2:$F$6228),"") -> GẠCH, POR 200x200, 2020HOAMY001, Loại AA (L1) | V85: =IFERROR(_xlfn.XLOOKUP($C85,'Thông tin về sản phẩm'!$A$2:$A$6228,'Thông tin về sản phẩm'!$S$2:$S$6228),"") -> TRANG_TRÍ | W85: =IFERROR(_xlfn.XLOOKUP($C85,'Thông tin về sản phẩm'!$A$2:$A$6228,'Thông tin về sản phẩm'!$Y$2:$Y$6228),"") -> TRẮNG | X85: =IFERROR(_xlfn.XLOOKUP($C85,'Thông tin về sản phẩm'!$A$2:$A$6228,'Thông tin về sản phẩm'!$AA$2:$AA$6228),"") -> ĐẶC_THÙ | Y85: =IFERROR(_xlfn.XLOOKUP($C85,'Thông tin về sản phẩm'!$A$2:$A$6228,'Thông tin về sản phẩm'!$AC$2:$AC$6228),"") -> HOA_LÁ | Z85: =IFERROR(_xlfn.XLOOKUP($C85,'Thông tin về sản phẩm'!$A$2:$A$6228,'Thông tin về sản phẩm'!$AD$2:$AD$6228),"") -> 1.169 | AA85: =IFERROR(_xlfn.XLOOKUP($C85,'Thông tin về sản phẩm'!$A$2:$A$6228,'Thông tin về sản phẩm'!$I$2:$I$6228),"") -> VIE | AB85: =IFERROR(_xlfn.XLOOKUP($C85,'Thông tin về sản phẩm'!$A$2:$A$6228,'Thông tin về sản phẩm'!$AI$2:$AI$6228),"") -> 200 | AC85: =IFERROR(_xlfn.XLOOKUP($C85,'Thông tin về sản phẩm'!$A$2:$A$6228,'Thông tin về sản phẩm'!$AJ$2:$AJ$6228),"") -> 200 | AD85: =IFERROR(_xlfn.XLOOKUP($C85,'Thông tin về sản phẩm'!$A$2:$A$6228,'Thông tin về sản phẩm'!$AK$2:$AK$6228),"") -> 12 | AE85: =IFERROR(_xlfn.XLOOKUP($C85,'Thông tin về sản phẩm'!$A$2:$A$6228,'Thông tin về sản phẩm'!$AL$2:$AL$6228),"") -> MM | AF85: =IFERROR(_xlfn.XLOOKUP($C85,'Thông tin về sản phẩm'!$A$2:$A$6228,'Thông tin về sản phẩm'!$AM$2:$AM$6228),"") -> MV_ | AG85: =IFERROR(_xlfn.XLOOKUP($C85,'Thông tin về sản phẩm'!$A$2:$A$6228,'Thông tin về sản phẩm'!$AY$2:$AY$6228),"") -> Gạch POR Ốp_Lát | AH85: =IFERROR(_xlfn.XLOOKUP($C85,'Thông tin về sản phẩm'!$A$2:$A$6228,'Thông tin về sản phẩm'!$AZ$2:$AZ$6228),"") -> 5. Cơ bản
A86: PORCELAIN | B86: 200x200 | C86: 10000071 | D86: 312020HOAMY011 | E86: POR 200x200, 2020HOAMY011, AA | F86: 2020HOAMY011 | G86: MỜ | I86: Sale | J86: 706000 | K86: 564800 | L86: 585980 | M86: 480100 | N86: 501300 | O86: 0.2 | P86: 0.17 | Q86: 🔥 Sale tháng (CT1 – TB 169) | R86: 456095 | S86: 501300 | T86: 0.35397309 | U86: =IFERROR(_xlfn.XLOOKUP($C86,'Thông tin về sản phẩm'!$A$2:$A$6228,'Thông tin về sản phẩm'!$F$2:$F$6228),"") -> GẠCH, POR 200x200, 2020HOAMY011, Loại AA (L1) | V86: =IFERROR(_xlfn.XLOOKUP($C86,'Thông tin về sản phẩm'!$A$2:$A$6228,'Thông tin về sản phẩm'!$S$2:$S$6228),"") -> TRANG_TRÍ | W86: =IFERROR(_xlfn.XLOOKUP($C86,'Thông tin về sản phẩm'!$A$2:$A$6228,'Thông tin về sản phẩm'!$Y$2:$Y$6228),"") -> XÁM | X86: =IFERROR(_xlfn.XLOOKUP($C86,'Thông tin về sản phẩm'!$A$2:$A$6228,'Thông tin về sản phẩm'!$AA$2:$AA$6228),"") -> ĐẶC_THÙ | Y86: =IFERROR(_xlfn.XLOOKUP($C86,'Thông tin về sản phẩm'!$A$2:$A$6228,'Thông tin về sản phẩm'!$AC$2:$AC$6228),"") -> HOA_LÁ | Z86: =IFERROR(_xlfn.XLOOKUP($C86,'Thông tin về sản phẩm'!$A$2:$A$6228,'Thông tin về sản phẩm'!$AD$2:$AD$6228),"") -> 1.171 | AA86: =IFERROR(_xlfn.XLOOKUP($C86,'Thông tin về sản phẩm'!$A$2:$A$6228,'Thông tin về sản phẩm'!$I$2:$I$6228),"") -> VIE | AB86: =IFERROR(_xlfn.XLOOKUP($C86,'Thông tin về sản phẩm'!$A$2:$A$6228,'Thông tin về sản phẩm'!$AI$2:$AI$6228),"") -> 200 | AC86: =IFERROR(_xlfn.XLOOKUP($C86,'Thông tin về sản phẩm'!$A$2:$A$6228,'Thông tin về sản phẩm'!$AJ$2:$AJ$6228),"") -> 200 | AD86: =IFERROR(_xlfn.XLOOKUP($C86,'Thông tin về sản phẩm'!$A$2:$A$6228,'Thông tin về sản phẩm'!$AK$2:$AK$6228),"") -> 12 | AE86: =IFERROR(_xlfn.XLOOKUP($C86,'Thông tin về sản phẩm'!$A$2:$A$6228,'Thông tin về sản phẩm'!$AL$2:$AL$6228),"") -> MM | AF86: =IFERROR(_xlfn.XLOOKUP($C86,'Thông tin về sản phẩm'!$A$2:$A$6228,'Thông tin về sản phẩm'!$AM$2:$AM$6228),"") -> MV_ | AG86: =IFERROR(_xlfn.XLOOKUP($C86,'Thông tin về sản phẩm'!$A$2:$A$6228,'Thông tin về sản phẩm'!$AY$2:$AY$6228),"") -> Gạch POR Ốp_Lát | AH86: =IFERROR(_xlfn.XLOOKUP($C86,'Thông tin về sản phẩm'!$A$2:$A$6228,'Thông tin về sản phẩm'!$AZ$2:$AZ$6228),"") -> 4. Tiềm năng
A87: PORCELAIN | B87: 200x200 | C87: 10007011 | D87: 312020VINTAGE003 | E87: POR 200x200, 2020VINTAGE003, AA | F87: 2020VINTAGE003 | G87: MỜ | I87: Sale | J87: 405000 | K87: 324000 | L87: 336150 | M87: 275400 | N87: 287600 | O87: 0.2 | P87: 0.17 | Q87: 🔥 Sale tháng (CT1 – TB 169) | R87: 261630 | S87: 287600 | T87: 0.354 | U87: =IFERROR(_xlfn.XLOOKUP($C87,'Thông tin về sản phẩm'!$A$2:$A$6228,'Thông tin về sản phẩm'!$F$2:$F$6228),"") -> GẠCH, POR 200x200, 2020VINTAGE003, Loại AA (L1) | V87: =IFERROR(_xlfn.XLOOKUP($C87,'Thông tin về sản phẩm'!$A$2:$A$6228,'Thông tin về sản phẩm'!$S$2:$S$6228),"") -> TRANG_TRÍ | W87: =IFERROR(_xlfn.XLOOKUP($C87,'Thông tin về sản phẩm'!$A$2:$A$6228,'Thông tin về sản phẩm'!$Y$2:$Y$6228),"") -> XANH | X87: =IFERROR(_xlfn.XLOOKUP($C87,'Thông tin về sản phẩm'!$A$2:$A$6228,'Thông tin về sản phẩm'!$AA$2:$AA$6228),"") -> ĐẶC_THÙ | Y87: =IFERROR(_xlfn.XLOOKUP($C87,'Thông tin về sản phẩm'!$A$2:$A$6228,'Thông tin về sản phẩm'!$AC$2:$AC$6228),"") -> HOA_LÁ | Z87: =IFERROR(_xlfn.XLOOKUP($C87,'Thông tin về sản phẩm'!$A$2:$A$6228,'Thông tin về sản phẩm'!$AD$2:$AD$6228),"") -> 0.82 | AA87: =IFERROR(_xlfn.XLOOKUP($C87,'Thông tin về sản phẩm'!$A$2:$A$6228,'Thông tin về sản phẩm'!$I$2:$I$6228),"") -> VIE | AB87: =IFERROR(_xlfn.XLOOKUP($C87,'Thông tin về sản phẩm'!$A$2:$A$6228,'Thông tin về sản phẩm'!$AI$2:$AI$6228),"") -> 200 | AC87: =IFERROR(_xlfn.XLOOKUP($C87,'Thông tin về sản phẩm'!$A$2:$A$6228,'Thông tin về sản phẩm'!$AJ$2:$AJ$6228),"") -> 200 | AD87: =IFERROR(_xlfn.XLOOKUP($C87,'Thông tin về sản phẩm'!$A$2:$A$6228,'Thông tin về sản phẩm'!$AK$2:$AK$6228),"") -> 8.5 | AE87: =IFERROR(_xlfn.XLOOKUP($C87,'Thông tin về sản phẩm'!$A$2:$A$6228,'Thông tin về sản phẩm'!$AL$2:$AL$6228),"") -> MM | AF87: =IFERROR(_xlfn.XLOOKUP($C87,'Thông tin về sản phẩm'!$A$2:$A$6228,'Thông tin về sản phẩm'!$AM$2:$AM$6228),"") -> MV_ | AG87: =IFERROR(_xlfn.XLOOKUP($C87,'Thông tin về sản phẩm'!$A$2:$A$6228,'Thông tin về sản phẩm'!$AY$2:$AY$6228),"") -> Gạch POR Ốp_Lát | AH87: =IFERROR(_xlfn.XLOOKUP($C87,'Thông tin về sản phẩm'!$A$2:$A$6228,'Thông tin về sản phẩm'!$AZ$2:$AZ$6228),"") -> 4. Tiềm năng
A88: PORCELAIN | B88: 200x200 | C88: 10006993 | D88: 312020MODERN001 | E88: POR 200x200, 2020MODERN001, AA | F88: 2020MODERN001 | G88: MỜ | I88: Sale | J88: 307000 | K88: 245600 | L88: 254810 | M88: 208800 | N88: 218000 | O88: 0.2 | P88: 0.17 | Q88: 📦 Xả kho (CT2 – TB 173) | R88: 198360 | S88: 218000 | T88: 0.35387622 | U88: =IFERROR(_xlfn.XLOOKUP($C88,'Thông tin về sản phẩm'!$A$2:$A$6228,'Thông tin về sản phẩm'!$F$2:$F$6228),"") -> GẠCH, POR 200x200, 2020MODERN001, Loại AA (L1) | V88: =IFERROR(_xlfn.XLOOKUP($C88,'Thông tin về sản phẩm'!$A$2:$A$6228,'Thông tin về sản phẩm'!$S$2:$S$6228),"") -> TRANG_TRÍ | W88: =IFERROR(_xlfn.XLOOKUP($C88,'Thông tin về sản phẩm'!$A$2:$A$6228,'Thông tin về sản phẩm'!$Y$2:$Y$6228),"") -> XANH | X88: =IFERROR(_xlfn.XLOOKUP($C88,'Thông tin về sản phẩm'!$A$2:$A$6228,'Thông tin về sản phẩm'!$AA$2:$AA$6228),"") -> ĐẶC_THÙ | Y88: =IFERROR(_xlfn.XLOOKUP($C88,'Thông tin về sản phẩm'!$A$2:$A$6228,'Thông tin về sản phẩm'!$AC$2:$AC$6228),"") -> HÌNH_HỌC | Z88: =IFERROR(_xlfn.XLOOKUP($C88,'Thông tin về sản phẩm'!$A$2:$A$6228,'Thông tin về sản phẩm'!$AD$2:$AD$6228),"") -> 0.82 | AA88: =IFERROR(_xlfn.XLOOKUP($C88,'Thông tin về sản phẩm'!$A$2:$A$6228,'Thông tin về sản phẩm'!$I$2:$I$6228),"") -> VIE | AB88: =IFERROR(_xlfn.XLOOKUP($C88,'Thông tin về sản phẩm'!$A$2:$A$6228,'Thông tin về sản phẩm'!$AI$2:$AI$6228),"") -> 200 | AC88: =IFERROR(_xlfn.XLOOKUP($C88,'Thông tin về sản phẩm'!$A$2:$A$6228,'Thông tin về sản phẩm'!$AJ$2:$AJ$6228),"") -> 200 | AD88: =IFERROR(_xlfn.XLOOKUP($C88,'Thông tin về sản phẩm'!$A$2:$A$6228,'Thông tin về sản phẩm'!$AK$2:$AK$6228),"") -> 8.5 | AE88: =IFERROR(_xlfn.XLOOKUP($C88,'Thông tin về sản phẩm'!$A$2:$A$6228,'Thông tin về sản phẩm'!$AL$2:$AL$6228),"") -> MM | AF88: =IFERROR(_xlfn.XLOOKUP($C88,'Thông tin về sản phẩm'!$A$2:$A$6228,'Thông tin về sản phẩm'!$AM$2:$AM$6228),"") -> MV_ | AG88: =IFERROR(_xlfn.XLOOKUP($C88,'Thông tin về sản phẩm'!$A$2:$A$6228,'Thông tin về sản phẩm'!$AY$2:$AY$6228),"") -> Gạch POR Ốp_Lát | AH88: =IFERROR(_xlfn.XLOOKUP($C88,'Thông tin về sản phẩm'!$A$2:$A$6228,'Thông tin về sản phẩm'!$AZ$2:$AZ$6228),"") -> 5. Cơ bản
A89: PORCELAIN | B89: 200x200 | C89: 10006994 | D89: 312020MODERN002 | E89: POR 200x200, 2020MODERN002, AA | F89: 2020MODERN002 | G89: MỜ | I89: Sale | J89: 307000 | K89: 245600 | L89: 254810 | M89: 208800 | N89: 218000 | O89: 0.2 | P89: 0.17 | Q89: 📦 Xả kho (CT2 – TB 173) | R89: 198360 | S89: 218000 | T89: 0.35387622 | U89: =IFERROR(_xlfn.XLOOKUP($C89,'Thông tin về sản phẩm'!$A$2:$A$6228,'Thông tin về sản phẩm'!$F$2:$F$6228),"") -> GẠCH, POR 200x200, 2020MODERN002, Loại AA (L1) | V89: =IFERROR(_xlfn.XLOOKUP($C89,'Thông tin về sản phẩm'!$A$2:$A$6228,'Thông tin về sản phẩm'!$S$2:$S$6228),"") -> TRANG_TRÍ | W89: =IFERROR(_xlfn.XLOOKUP($C89,'Thông tin về sản phẩm'!$A$2:$A$6228,'Thông tin về sản phẩm'!$Y$2:$Y$6228),"") -> XANH | X89: =IFERROR(_xlfn.XLOOKUP($C89,'Thông tin về sản phẩm'!$A$2:$A$6228,'Thông tin về sản phẩm'!$AA$2:$AA$6228),"") -> ĐẶC_THÙ | Y89: =IFERROR(_xlfn.XLOOKUP($C89,'Thông tin về sản phẩm'!$A$2:$A$6228,'Thông tin về sản phẩm'!$AC$2:$AC$6228),"") -> HÌNH_HỌC | Z89: =IFERROR(_xlfn.XLOOKUP($C89,'Thông tin về sản phẩm'!$A$2:$A$6228,'Thông tin về sản phẩm'!$AD$2:$AD$6228),"") -> 0.82 | AA89: =IFERROR(_xlfn.XLOOKUP($C89,'Thông tin về sản phẩm'!$A$2:$A$6228,'Thông tin về sản phẩm'!$I$2:$I$6228),"") -> VIE | AB89: =IFERROR(_xlfn.XLOOKUP($C89,'Thông tin về sản phẩm'!$A$2:$A$6228,'Thông tin về sản phẩm'!$AI$2:$AI$6228),"") -> 200 | AC89: =IFERROR(_xlfn.XLOOKUP($C89,'Thông tin về sản phẩm'!$A$2:$A$6228,'Thông tin về sản phẩm'!$AJ$2:$AJ$6228),"") -> 200 | AD89: =IFERROR(_xlfn.XLOOKUP($C89,'Thông tin về sản phẩm'!$A$2:$A$6228,'Thông tin về sản phẩm'!$AK$2:$AK$6228),"") -> 8.5 | AE89: =IFERROR(_xlfn.XLOOKUP($C89,'Thông tin về sản phẩm'!$A$2:$A$6228,'Thông tin về sản phẩm'!$AL$2:$AL$6228),"") -> MM | AF89: =IFERROR(_xlfn.XLOOKUP($C89,'Thông tin về sản phẩm'!$A$2:$A$6228,'Thông tin về sản phẩm'!$AM$2:$AM$6228),"") -> MV_ | AG89: =IFERROR(_xlfn.XLOOKUP($C89,'Thông tin về sản phẩm'!$A$2:$A$6228,'Thông tin về sản phẩm'!$AY$2:$AY$6228),"") -> Gạch POR Ốp_Lát | AH89: =IFERROR(_xlfn.XLOOKUP($C89,'Thông tin về sản phẩm'!$A$2:$A$6228,'Thông tin về sản phẩm'!$AZ$2:$AZ$6228),"") -> 5. Cơ bản
A90: PORCELAIN | B90: 200x200 | C90: 10007002 | D90: 312020MODERN006 | E90: POR 200x200, 2020MODERN006, AA | F90: 2020MODERN006 | G90: MỜ | I90: Sale | J90: 307000 | K90: 245600 | L90: 254810 | M90: 208800 | N90: 218000 | O90: 0.2 | P90: 0.17 | Q90: 🔥 Sale tháng (CT1 – TB 169) | R90: 198360 | S90: 218000 | T90: 0.35387622 | U90: =IFERROR(_xlfn.XLOOKUP($C90,'Thông tin về sản phẩm'!$A$2:$A$6228,'Thông tin về sản phẩm'!$F$2:$F$6228),"") -> GẠCH, POR 200x200, 2020MODERN006, Loại AA (L1) | V90: =IFERROR(_xlfn.XLOOKUP($C90,'Thông tin về sản phẩm'!$A$2:$A$6228,'Thông tin về sản phẩm'!$S$2:$S$6228),"") -> TRANG_TRÍ | W90: =IFERROR(_xlfn.XLOOKUP($C90,'Thông tin về sản phẩm'!$A$2:$A$6228,'Thông tin về sản phẩm'!$Y$2:$Y$6228),"") -> XANH | X90: =IFERROR(_xlfn.XLOOKUP($C90,'Thông tin về sản phẩm'!$A$2:$A$6228,'Thông tin về sản phẩm'!$AA$2:$AA$6228),"") -> ĐẶC_THÙ | Y90: =IFERROR(_xlfn.XLOOKUP($C90,'Thông tin về sản phẩm'!$A$2:$A$6228,'Thông tin về sản phẩm'!$AC$2:$AC$6228),"") -> HÌNH_HỌC | Z90: =IFERROR(_xlfn.XLOOKUP($C90,'Thông tin về sản phẩm'!$A$2:$A$6228,'Thông tin về sản phẩm'!$AD$2:$AD$6228),"") -> 0.82 | AA90: =IFERROR(_xlfn.XLOOKUP($C90,'Thông tin về sản phẩm'!$A$2:$A$6228,'Thông tin về sản phẩm'!$I$2:$I$6228),"") -> VIE | AB90: =IFERROR(_xlfn.XLOOKUP($C90,'Thông tin về sản phẩm'!$A$2:$A$6228,'Thông tin về sản phẩm'!$AI$2:$AI$6228),"") -> 200 | AC90: =IFERROR(_xlfn.XLOOKUP($C90,'Thông tin về sản phẩm'!$A$2:$A$6228,'Thông tin về sản phẩm'!$AJ$2:$AJ$6228),"") -> 200 | AD90: =IFERROR(_xlfn.XLOOKUP($C90,'Thông tin về sản phẩm'!$A$2:$A$6228,'Thông tin về sản phẩm'!$AK$2:$AK$6228),"") -> 8.5 | AE90: =IFERROR(_xlfn.XLOOKUP($C90,'Thông tin về sản phẩm'!$A$2:$A$6228,'Thông tin về sản phẩm'!$AL$2:$AL$6228),"") -> MM | AF90: =IFERROR(_xlfn.XLOOKUP($C90,'Thông tin về sản phẩm'!$A$2:$A$6228,'Thông tin về sản phẩm'!$AM$2:$AM$6228),"") -> MV_ | AG90: =IFERROR(_xlfn.XLOOKUP($C90,'Thông tin về sản phẩm'!$A$2:$A$6228,'Thông tin về sản phẩm'!$AY$2:$AY$6228),"") -> Gạch POR Ốp_Lát | AH90: =IFERROR(_xlfn.XLOOKUP($C90,'Thông tin về sản phẩm'!$A$2:$A$6228,'Thông tin về sản phẩm'!$AZ$2:$AZ$6228),"") -> 4. Tiềm năng
A91: PORCELAIN | B91: 200x200 | C91: 10000132 | D91: 312020HOAMY009 | E91: POR 200x200, 2020HOAMY009, AA | F91: 2020HOAMY009 | G91: MỜ | I91: Sale | J91: 706000 | K91: 564800 | L91: 585980 | M91: 480100 | N91: 501300 | O91: 0.2 | P91: 0.17 | Q91: 📦 Xả kho (CT2 – TB 173) | R91: 456095 | S91: 501300 | T91: 0.35397309 | U91: =IFERROR(_xlfn.XLOOKUP($C91,'Thông tin về sản phẩm'!$A$2:$A$6228,'Thông tin về sản phẩm'!$F$2:$F$6228),"") -> GẠCH, POR 200x200, 2020HOAMY009, Loại AA (L1) | V91: =IFERROR(_xlfn.XLOOKUP($C91,'Thông tin về sản phẩm'!$A$2:$A$6228,'Thông tin về sản phẩm'!$S$2:$S$6228),"") -> TRANG_TRÍ | W91: =IFERROR(_xlfn.XLOOKUP($C91,'Thông tin về sản phẩm'!$A$2:$A$6228,'Thông tin về sản phẩm'!$Y$2:$Y$6228),"") -> XANH | X91: =IFERROR(_xlfn.XLOOKUP($C91,'Thông tin về sản phẩm'!$A$2:$A$6228,'Thông tin về sản phẩm'!$AA$2:$AA$6228),"") -> ĐẶC_THÙ | Y91: =IFERROR(_xlfn.XLOOKUP($C91,'Thông tin về sản phẩm'!$A$2:$A$6228,'Thông tin về sản phẩm'!$AC$2:$AC$6228),"") -> HOA_LÁ | Z91: =IFERROR(_xlfn.XLOOKUP($C91,'Thông tin về sản phẩm'!$A$2:$A$6228,'Thông tin về sản phẩm'!$AD$2:$AD$6228),"") -> 1.128 | AA91: =IFERROR(_xlfn.XLOOKUP($C91,'Thông tin về sản phẩm'!$A$2:$A$6228,'Thông tin về sản phẩm'!$I$2:$I$6228),"") -> VIE | AB91: =IFERROR(_xlfn.XLOOKUP($C91,'Thông tin về sản phẩm'!$A$2:$A$6228,'Thông tin về sản phẩm'!$AI$2:$AI$6228),"") -> 200 | AC91: =IFERROR(_xlfn.XLOOKUP($C91,'Thông tin về sản phẩm'!$A$2:$A$6228,'Thông tin về sản phẩm'!$AJ$2:$AJ$6228),"") -> 200 | AD91: =IFERROR(_xlfn.XLOOKUP($C91,'Thông tin về sản phẩm'!$A$2:$A$6228,'Thông tin về sản phẩm'!$AK$2:$AK$6228),"") -> 12 | AE91: =IFERROR(_xlfn.XLOOKUP($C91,'Thông tin về sản phẩm'!$A$2:$A$6228,'Thông tin về sản phẩm'!$AL$2:$AL$6228),"") -> MM | AF91: =IFERROR(_xlfn.XLOOKUP($C91,'Thông tin về sản phẩm'!$A$2:$A$6228,'Thông tin về sản phẩm'!$AM$2:$AM$6228),"") -> MV_ | AG91: =IFERROR(_xlfn.XLOOKUP($C91,'Thông tin về sản phẩm'!$A$2:$A$6228,'Thông tin về sản phẩm'!$AY$2:$AY$6228),"") -> Gạch POR Ốp_Lát | AH91: =IFERROR(_xlfn.XLOOKUP($C91,'Thông tin về sản phẩm'!$A$2:$A$6228,'Thông tin về sản phẩm'!$AZ$2:$AZ$6228),"") -> 4. Tiềm năng
A92: PORCELAIN | B92: 200x200 | C92: 10007010 | D92: 312020VINTAGE002 | E92: POR 200x200, 2020VINTAGE002, AA | F92: 2020VINTAGE002 | G92: MỜ | I92: Sale | J92: 405000 | K92: 324000 | L92: 336150 | M92: 275400 | N92: 287600 | O92: 0.2 | P92: 0.17 | Q92: 📦 Xả kho (CT2 – TB 173) | R92: 261630 | S92: 287600 | T92: 0.354 | U92: =IFERROR(_xlfn.XLOOKUP($C92,'Thông tin về sản phẩm'!$A$2:$A$6228,'Thông tin về sản phẩm'!$F$2:$F$6228),"") -> GẠCH, POR 200x200, 2020VINTAGE002, Loại AA (L1) | V92: =IFERROR(_xlfn.XLOOKUP($C92,'Thông tin về sản phẩm'!$A$2:$A$6228,'Thông tin về sản phẩm'!$S$2:$S$6228),"") -> TRANG_TRÍ | W92: =IFERROR(_xlfn.XLOOKUP($C92,'Thông tin về sản phẩm'!$A$2:$A$6228,'Thông tin về sản phẩm'!$Y$2:$Y$6228),"") -> XANH | X92: =IFERROR(_xlfn.XLOOKUP($C92,'Thông tin về sản phẩm'!$A$2:$A$6228,'Thông tin về sản phẩm'!$AA$2:$AA$6228),"") -> ĐẶC_THÙ | Y92: =IFERROR(_xlfn.XLOOKUP($C92,'Thông tin về sản phẩm'!$A$2:$A$6228,'Thông tin về sản phẩm'!$AC$2:$AC$6228),"") -> HOA_LÁ | Z92: =IFERROR(_xlfn.XLOOKUP($C92,'Thông tin về sản phẩm'!$A$2:$A$6228,'Thông tin về sản phẩm'!$AD$2:$AD$6228),"") -> 0.82 | AA92: =IFERROR(_xlfn.XLOOKUP($C92,'Thông tin về sản phẩm'!$A$2:$A$6228,'Thông tin về sản phẩm'!$I$2:$I$6228),"") -> VIE | AB92: =IFERROR(_xlfn.XLOOKUP($C92,'Thông tin về sản phẩm'!$A$2:$A$6228,'Thông tin về sản phẩm'!$AI$2:$AI$6228),"") -> 200 | AC92: =IFERROR(_xlfn.XLOOKUP($C92,'Thông tin về sản phẩm'!$A$2:$A$6228,'Thông tin về sản phẩm'!$AJ$2:$AJ$6228),"") -> 200 | AD92: =IFERROR(_xlfn.XLOOKUP($C92,'Thông tin về sản phẩm'!$A$2:$A$6228,'Thông tin về sản phẩm'!$AK$2:$AK$6228),"") -> 8.5 | AE92: =IFERROR(_xlfn.XLOOKUP($C92,'Thông tin về sản phẩm'!$A$2:$A$6228,'Thông tin về sản phẩm'!$AL$2:$AL$6228),"") -> MM | AF92: =IFERROR(_xlfn.XLOOKUP($C92,'Thông tin về sản phẩm'!$A$2:$A$6228,'Thông tin về sản phẩm'!$AM$2:$AM$6228),"") -> MV_ | AG92: =IFERROR(_xlfn.XLOOKUP($C92,'Thông tin về sản phẩm'!$A$2:$A$6228,'Thông tin về sản phẩm'!$AY$2:$AY$6228),"") -> Gạch POR Ốp_Lát | AH92: =IFERROR(_xlfn.XLOOKUP($C92,'Thông tin về sản phẩm'!$A$2:$A$6228,'Thông tin về sản phẩm'!$AZ$2:$AZ$6228),"") -> 5. Cơ bản
A93: PORCELAIN | B93: 200x200 | C93: 10007009 | D93: 312020VINTAGE001 | E93: POR 200x200, 2020VINTAGE001, AA | F93: 2020VINTAGE001 | G93: MỜ | I93: Sale | J93: 405000 | K93: 324000 | L93: 336150 | M93: 275400 | N93: 287600 | O93: 0.2 | P93: 0.17 | Q93: 🔥 Sale tháng (CT1 – TB 169) | R93: 261630 | S93: 287600 | T93: 0.354 | U93: =IFERROR(_xlfn.XLOOKUP($C93,'Thông tin về sản phẩm'!$A$2:$A$6228,'Thông tin về sản phẩm'!$F$2:$F$6228),"") -> GẠCH, POR 200x200, 2020VINTAGE001, Loại AA (L1) | V93: =IFERROR(_xlfn.XLOOKUP($C93,'Thông tin về sản phẩm'!$A$2:$A$6228,'Thông tin về sản phẩm'!$S$2:$S$6228),"") -> TRANG_TRÍ | W93: =IFERROR(_xlfn.XLOOKUP($C93,'Thông tin về sản phẩm'!$A$2:$A$6228,'Thông tin về sản phẩm'!$Y$2:$Y$6228),"") -> XANH | X93: =IFERROR(_xlfn.XLOOKUP($C93,'Thông tin về sản phẩm'!$A$2:$A$6228,'Thông tin về sản phẩm'!$AA$2:$AA$6228),"") -> ĐẶC_THÙ | Y93: =IFERROR(_xlfn.XLOOKUP($C93,'Thông tin về sản phẩm'!$A$2:$A$6228,'Thông tin về sản phẩm'!$AC$2:$AC$6228),"") -> HOA_LÁ | Z93: =IFERROR(_xlfn.XLOOKUP($C93,'Thông tin về sản phẩm'!$A$2:$A$6228,'Thông tin về sản phẩm'!$AD$2:$AD$6228),"") -> 0.82 | AA93: =IFERROR(_xlfn.XLOOKUP($C93,'Thông tin về sản phẩm'!$A$2:$A$6228,'Thông tin về sản phẩm'!$I$2:$I$6228),"") -> VIE | AB93: =IFERROR(_xlfn.XLOOKUP($C93,'Thông tin về sản phẩm'!$A$2:$A$6228,'Thông tin về sản phẩm'!$AI$2:$AI$6228),"") -> 200 | AC93: =IFERROR(_xlfn.XLOOKUP($C93,'Thông tin về sản phẩm'!$A$2:$A$6228,'Thông tin về sản phẩm'!$AJ$2:$AJ$6228),"") -> 200 | AD93: =IFERROR(_xlfn.XLOOKUP($C93,'Thông tin về sản phẩm'!$A$2:$A$6228,'Thông tin về sản phẩm'!$AK$2:$AK$6228),"") -> 8.5 | AE93: =IFERROR(_xlfn.XLOOKUP($C93,'Thông tin về sản phẩm'!$A$2:$A$6228,'Thông tin về sản phẩm'!$AL$2:$AL$6228),"") -> MM | AF93: =IFERROR(_xlfn.XLOOKUP($C93,'Thông tin về sản phẩm'!$A$2:$A$6228,'Thông tin về sản phẩm'!$AM$2:$AM$6228),"") -> MV_ | AG93: =IFERROR(_xlfn.XLOOKUP($C93,'Thông tin về sản phẩm'!$A$2:$A$6228,'Thông tin về sản phẩm'!$AY$2:$AY$6228),"") -> Gạch POR Ốp_Lát | AH93: =IFERROR(_xlfn.XLOOKUP($C93,'Thông tin về sản phẩm'!$A$2:$A$6228,'Thông tin về sản phẩm'!$AZ$2:$AZ$6228),"") -> 4. Tiềm năng
A94: PORCELAIN | B94: 200x200 | C94: 10006996 | D94: 312020MODERN004 | E94: POR 200x200, 2020MODERN004, AA | F94: 2020MODERN004 | G94: MỜ | I94: Sale | J94: 306999 | K94: 245599.2 | L94: 254809.17 | M94: 208800 | N94: 218000 | O94: 0.2 | P94: 0.17 | Q94: 📦 Xả kho (CT2 – TB 173) | R94: 198360 | S94: 218000 | T94: 0.35387412 | U94: =IFERROR(_xlfn.XLOOKUP($C94,'Thông tin về sản phẩm'!$A$2:$A$6228,'Thông tin về sản phẩm'!$F$2:$F$6228),"") -> GẠCH, POR 200x200, 2020MODERN004, Loại AA (L1) | V94: =IFERROR(_xlfn.XLOOKUP($C94,'Thông tin về sản phẩm'!$A$2:$A$6228,'Thông tin về sản phẩm'!$S$2:$S$6228),"") -> TRANG_TRÍ | W94: =IFERROR(_xlfn.XLOOKUP($C94,'Thông tin về sản phẩm'!$A$2:$A$6228,'Thông tin về sản phẩm'!$Y$2:$Y$6228),"") -> XANH | X94: =IFERROR(_xlfn.XLOOKUP($C94,'Thông tin về sản phẩm'!$A$2:$A$6228,'Thông tin về sản phẩm'!$AA$2:$AA$6228),"") -> ĐẶC_THÙ | Y94: =IFERROR(_xlfn.XLOOKUP($C94,'Thông tin về sản phẩm'!$A$2:$A$6228,'Thông tin về sản phẩm'!$AC$2:$AC$6228),"") -> HÌNH_HỌC | Z94: =IFERROR(_xlfn.XLOOKUP($C94,'Thông tin về sản phẩm'!$A$2:$A$6228,'Thông tin về sản phẩm'!$AD$2:$AD$6228),"") -> 0.82 | AA94: =IFERROR(_xlfn.XLOOKUP($C94,'Thông tin về sản phẩm'!$A$2:$A$6228,'Thông tin về sản phẩm'!$I$2:$I$6228),"") -> VIE | AB94: =IFERROR(_xlfn.XLOOKUP($C94,'Thông tin về sản phẩm'!$A$2:$A$6228,'Thông tin về sản phẩm'!$AI$2:$AI$6228),"") -> 200 | AC94: =IFERROR(_xlfn.XLOOKUP($C94,'Thông tin về sản phẩm'!$A$2:$A$6228,'Thông tin về sản phẩm'!$AJ$2:$AJ$6228),"") -> 200 | AD94: =IFERROR(_xlfn.XLOOKUP($C94,'Thông tin về sản phẩm'!$A$2:$A$6228,'Thông tin về sản phẩm'!$AK$2:$AK$6228),"") -> 8.5 | AE94: =IFERROR(_xlfn.XLOOKUP($C94,'Thông tin về sản phẩm'!$A$2:$A$6228,'Thông tin về sản phẩm'!$AL$2:$AL$6228),"") -> MM | AF94: =IFERROR(_xlfn.XLOOKUP($C94,'Thông tin về sản phẩm'!$A$2:$A$6228,'Thông tin về sản phẩm'!$AM$2:$AM$6228),"") -> MV_ | AG94: =IFERROR(_xlfn.XLOOKUP($C94,'Thông tin về sản phẩm'!$A$2:$A$6228,'Thông tin về sản phẩm'!$AY$2:$AY$6228),"") -> Gạch POR Ốp_Lát | AH94: =IFERROR(_xlfn.XLOOKUP($C94,'Thông tin về sản phẩm'!$A$2:$A$6228,'Thông tin về sản phẩm'!$AZ$2:$AZ$6228),"") -> 5. Cơ bản
A95: PORCELAIN | B95: 200x200 | C95: 10000131 | D95: 312020HOAMY007 | E95: POR 200x200, 2020HOAMY007, AA | F95: 2020HOAMY007 | G95: MỜ | I95: Sale | J95: 706000 | K95: 564800 | L95: 585980 | M95: 480100 | N95: 501300 | O95: 0.2 | P95: 0.17 | Q95: 🔥 Sale tháng (CT1 – TB 169) | R95: 456095 | S95: 501300 | T95: 0.35397309 | U95: =IFERROR(_xlfn.XLOOKUP($C95,'Thông tin về sản phẩm'!$A$2:$A$6228,'Thông tin về sản phẩm'!$F$2:$F$6228),"") -> GẠCH, POR 200x200, 2020HOAMY007, Loại AA (L1) | V95: =IFERROR(_xlfn.XLOOKUP($C95,'Thông tin về sản phẩm'!$A$2:$A$6228,'Thông tin về sản phẩm'!$S$2:$S$6228),"") -> TRANG_TRÍ | W95: =IFERROR(_xlfn.XLOOKUP($C95,'Thông tin về sản phẩm'!$A$2:$A$6228,'Thông tin về sản phẩm'!$Y$2:$Y$6228),"") -> KEM | X95: =IFERROR(_xlfn.XLOOKUP($C95,'Thông tin về sản phẩm'!$A$2:$A$6228,'Thông tin về sản phẩm'!$AA$2:$AA$6228),"") -> ĐẶC_THÙ | Y95: =IFERROR(_xlfn.XLOOKUP($C95,'Thông tin về sản phẩm'!$A$2:$A$6228,'Thông tin về sản phẩm'!$AC$2:$AC$6228),"") -> HOA_LÁ | Z95: =IFERROR(_xlfn.XLOOKUP($C95,'Thông tin về sản phẩm'!$A$2:$A$6228,'Thông tin về sản phẩm'!$AD$2:$AD$6228),"") -> 1.135 | AA95: =IFERROR(_xlfn.XLOOKUP($C95,'Thông tin về sản phẩm'!$A$2:$A$6228,'Thông tin về sản phẩm'!$I$2:$I$6228),"") -> VIE | AB95: =IFERROR(_xlfn.XLOOKUP($C95,'Thông tin về sản phẩm'!$A$2:$A$6228,'Thông tin về sản phẩm'!$AI$2:$AI$6228),"") -> 200 | AC95: =IFERROR(_xlfn.XLOOKUP($C95,'Thông tin về sản phẩm'!$A$2:$A$6228,'Thông tin về sản phẩm'!$AJ$2:$AJ$6228),"") -> 200 | AD95: =IFERROR(_xlfn.XLOOKUP($C95,'Thông tin về sản phẩm'!$A$2:$A$6228,'Thông tin về sản phẩm'!$AK$2:$AK$6228),"") -> 12 | AE95: =IFERROR(_xlfn.XLOOKUP($C95,'Thông tin về sản phẩm'!$A$2:$A$6228,'Thông tin về sản phẩm'!$AL$2:$AL$6228),"") -> MM | AF95: =IFERROR(_xlfn.XLOOKUP($C95,'Thông tin về sản phẩm'!$A$2:$A$6228,'Thông tin về sản phẩm'!$AM$2:$AM$6228),"") -> MV_ | AG95: =IFERROR(_xlfn.XLOOKUP($C95,'Thông tin về sản phẩm'!$A$2:$A$6228,'Thông tin về sản phẩm'!$AY$2:$AY$6228),"") -> Gạch POR Ốp_Lát | AH95: =IFERROR(_xlfn.XLOOKUP($C95,'Thông tin về sản phẩm'!$A$2:$A$6228,'Thông tin về sản phẩm'!$AZ$2:$AZ$6228),"") -> 4. Tiềm năng
A96: PORCELAIN | B96: 200x200 | C96: 10007003 | D96: 312020MODERN007 | E96: POR 200x200, 2020MODERN007, AA | F96: 2020MODERN007 | G96: MỜ | I96: Sale | J96: 307000 | K96: 245600 | L96: 254810 | M96: 208800 | N96: 218000 | O96: 0.2 | P96: 0.17 | Q96: 🔥 Sale tháng (CT1 – TB 169) | R96: 198360 | S96: 218000 | T96: 0.35387622 | U96: =IFERROR(_xlfn.XLOOKUP($C96,'Thông tin về sản phẩm'!$A$2:$A$6228,'Thông tin về sản phẩm'!$F$2:$F$6228),"") -> GẠCH, POR 200x200, 2020MODERN007, Loại AA (L1) | V96: =IFERROR(_xlfn.XLOOKUP($C96,'Thông tin về sản phẩm'!$A$2:$A$6228,'Thông tin về sản phẩm'!$S$2:$S$6228),"") -> TRANG_TRÍ | W96: =IFERROR(_xlfn.XLOOKUP($C96,'Thông tin về sản phẩm'!$A$2:$A$6228,'Thông tin về sản phẩm'!$Y$2:$Y$6228),"") -> XANH | X96: =IFERROR(_xlfn.XLOOKUP($C96,'Thông tin về sản phẩm'!$A$2:$A$6228,'Thông tin về sản phẩm'!$AA$2:$AA$6228),"") -> ĐẶC_THÙ | Y96: =IFERROR(_xlfn.XLOOKUP($C96,'Thông tin về sản phẩm'!$A$2:$A$6228,'Thông tin về sản phẩm'!$AC$2:$AC$6228),"") -> HÌNH_HỌC | Z96: =IFERROR(_xlfn.XLOOKUP($C96,'Thông tin về sản phẩm'!$A$2:$A$6228,'Thông tin về sản phẩm'!$AD$2:$AD$6228),"") -> 0.82 | AA96: =IFERROR(_xlfn.XLOOKUP($C96,'Thông tin về sản phẩm'!$A$2:$A$6228,'Thông tin về sản phẩm'!$I$2:$I$6228),"") -> VIE | AB96: =IFERROR(_xlfn.XLOOKUP($C96,'Thông tin về sản phẩm'!$A$2:$A$6228,'Thông tin về sản phẩm'!$AI$2:$AI$6228),"") -> 200 | AC96: =IFERROR(_xlfn.XLOOKUP($C96,'Thông tin về sản phẩm'!$A$2:$A$6228,'Thông tin về sản phẩm'!$AJ$2:$AJ$6228),"") -> 200 | AD96: =IFERROR(_xlfn.XLOOKUP($C96,'Thông tin về sản phẩm'!$A$2:$A$6228,'Thông tin về sản phẩm'!$AK$2:$AK$6228),"") -> 8.5 | AE96: =IFERROR(_xlfn.XLOOKUP($C96,'Thông tin về sản phẩm'!$A$2:$A$6228,'Thông tin về sản phẩm'!$AL$2:$AL$6228),"") -> MM | AF96: =IFERROR(_xlfn.XLOOKUP($C96,'Thông tin về sản phẩm'!$A$2:$A$6228,'Thông tin về sản phẩm'!$AM$2:$AM$6228),"") -> MV_ | AG96: =IFERROR(_xlfn.XLOOKUP($C96,'Thông tin về sản phẩm'!$A$2:$A$6228,'Thông tin về sản phẩm'!$AY$2:$AY$6228),"") -> Gạch POR Ốp_Lát | AH96: =IFERROR(_xlfn.XLOOKUP($C96,'Thông tin về sản phẩm'!$A$2:$A$6228,'Thông tin về sản phẩm'!$AZ$2:$AZ$6228),"") -> 4. Tiềm năng
... A111: PORCELAIN | B111: 200x200 | C111: 10000133 | D111: 312020HOAMY012 | E111: POR 200x200, 2020HOAMY012, AA | F111: 2020HOAMY012 | G111: MỜ | I111: Sale | J111: 707000 | K111: 565600 | L111: 586810 | M111: 480100 | N111: 501300 | O111: 0.2 | P111: 0.17 | Q111: 📦 Xả kho (CT2 – TB 173) | R111: 456760 | S111: 502000 | T111: 0.35394625 | U111: =IFERROR(_xlfn.XLOOKUP($C111,'Thông tin về sản phẩm'!$A$2:$A$6228,'Thông tin về sản phẩm'!$F$2:$F$6228),"") -> GẠCH, POR 200x200, 2020HOAMY012, Loại AA (L1) | V111: =IFERROR(_xlfn.XLOOKUP($C111,'Thông tin về sản phẩm'!$A$2:$A$6228,'Thông tin về sản phẩm'!$S$2:$S$6228),"") -> ỐP_LÁT | W111: =IFERROR(_xlfn.XLOOKUP($C111,'Thông tin về sản phẩm'!$A$2:$A$6228,'Thông tin về sản phẩm'!$Y$2:$Y$6228),"") -> NÂU | X111: =IFERROR(_xlfn.XLOOKUP($C111,'Thông tin về sản phẩm'!$A$2:$A$6228,'Thông tin về sản phẩm'!$AA$2:$AA$6228),"") -> ĐẶC_THÙ | Y111: =IFERROR(_xlfn.XLOOKUP($C111,'Thông tin về sản phẩm'!$A$2:$A$6228,'Thông tin về sản phẩm'!$AC$2:$AC$6228),"") -> HOA_LÁ | Z111: =IFERROR(_xlfn.XLOOKUP($C111,'Thông tin về sản phẩm'!$A$2:$A$6228,'Thông tin về sản phẩm'!$AD$2:$AD$6228),"") -> 1.083 | AA111: =IFERROR(_xlfn.XLOOKUP($C111,'Thông tin về sản phẩm'!$A$2:$A$6228,'Thông tin về sản phẩm'!$I$2:$I$6228),"") -> VIE | AB111: =IFERROR(_xlfn.XLOOKUP($C111,'Thông tin về sản phẩm'!$A$2:$A$6228,'Thông tin về sản phẩm'!$AI$2:$AI$6228),"") -> 200 | AC111: =IFERROR(_xlfn.XLOOKUP($C111,'Thông tin về sản phẩm'!$A$2:$A$6228,'Thông tin về sản phẩm'!$AJ$2:$AJ$6228),"") -> 200 | AD111: =IFERROR(_xlfn.XLOOKUP($C111,'Thông tin về sản phẩm'!$A$2:$A$6228,'Thông tin về sản phẩm'!$AK$2:$AK$6228),"") -> 12 | AE111: =IFERROR(_xlfn.XLOOKUP($C111,'Thông tin về sản phẩm'!$A$2:$A$6228,'Thông tin về sản phẩm'!$AL$2:$AL$6228),"") -> MM | AF111: =IFERROR(_xlfn.XLOOKUP($C111,'Thông tin về sản phẩm'!$A$2:$A$6228,'Thông tin về sản phẩm'!$AM$2:$AM$6228),"") -> NSX | AG111: =IFERROR(_xlfn.XLOOKUP($C111,'Thông tin về sản phẩm'!$A$2:$A$6228,'Thông tin về sản phẩm'!$AY$2:$AY$6228),"") -> Gạch POR Ốp_Lát | AH111: =IFERROR(_xlfn.XLOOKUP($C111,'Thông tin về sản phẩm'!$A$2:$A$6228,'Thông tin về sản phẩm'!$AZ$2:$AZ$6228),"") -> 5. Cơ bản
A112: PORCELAIN | B112: 200x200 | C112: 10001170 | D112: 41M2B001 | E112: POR 200x200, M2B001, AA | F112: M2B001 | G112: MỜ | J112: 291600 | K112: 233280 | L112: 242028 | O112: 0.2 | P112: 0.17 | R112: 221616 | S112: 242028 | T112: 0.24 | U112: =IFERROR(_xlfn.XLOOKUP($C112,'Thông tin về sản phẩm'!$A$2:$A$6228,'Thông tin về sản phẩm'!$F$2:$F$6228),"") -> GẠCH, POR 200x200, M2B001, Loại AA (L1) | V112: =IFERROR(_xlfn.XLOOKUP($C112,'Thông tin về sản phẩm'!$A$2:$A$6228,'Thông tin về sản phẩm'!$S$2:$S$6228),"") -> ỐP_LÁT | W112: =IFERROR(_xlfn.XLOOKUP($C112,'Thông tin về sản phẩm'!$A$2:$A$6228,'Thông tin về sản phẩm'!$Y$2:$Y$6228),"") -> KEM | X112: =IFERROR(_xlfn.XLOOKUP($C112,'Thông tin về sản phẩm'!$A$2:$A$6228,'Thông tin về sản phẩm'!$AA$2:$AA$6228),"") -> ĐẶC_THÙ | Y112: =IFERROR(_xlfn.XLOOKUP($C112,'Thông tin về sản phẩm'!$A$2:$A$6228,'Thông tin về sản phẩm'!$AC$2:$AC$6228),"") -> PASTEL | Z112: =IFERROR(_xlfn.XLOOKUP($C112,'Thông tin về sản phẩm'!$A$2:$A$6228,'Thông tin về sản phẩm'!$AD$2:$AD$6228),"") -> 0.78 | AA112: =IFERROR(_xlfn.XLOOKUP($C112,'Thông tin về sản phẩm'!$A$2:$A$6228,'Thông tin về sản phẩm'!$I$2:$I$6228),"") -> VIE | AB112: =IFERROR(_xlfn.XLOOKUP($C112,'Thông tin về sản phẩm'!$A$2:$A$6228,'Thông tin về sản phẩm'!$AI$2:$AI$6228),"") -> 200 | AC112: =IFERROR(_xlfn.XLOOKUP($C112,'Thông tin về sản phẩm'!$A$2:$A$6228,'Thông tin về sản phẩm'!$AJ$2:$AJ$6228),"") -> 200 | AD112: =IFERROR(_xlfn.XLOOKUP($C112,'Thông tin về sản phẩm'!$A$2:$A$6228,'Thông tin về sản phẩm'!$AK$2:$AK$6228),"") -> 8.5 | AE112: =IFERROR(_xlfn.XLOOKUP($C112,'Thông tin về sản phẩm'!$A$2:$A$6228,'Thông tin về sản phẩm'!$AL$2:$AL$6228),"") -> MM | AF112: =IFERROR(_xlfn.XLOOKUP($C112,'Thông tin về sản phẩm'!$A$2:$A$6228,'Thông tin về sản phẩm'!$AM$2:$AM$6228),"") -> NSX | AG112: =IFERROR(_xlfn.XLOOKUP($C112,'Thông tin về sản phẩm'!$A$2:$A$6228,'Thông tin về sản phẩm'!$AY$2:$AY$6228),"") -> Gạch POR Ốp_Lát | AH112: =IFERROR(_xlfn.XLOOKUP($C112,'Thông tin về sản phẩm'!$A$2:$A$6228,'Thông tin về sản phẩm'!$AZ$2:$AZ$6228),"") -> 5. Cơ bản
A113: PORCELAIN | B113: 200x200 | C113: 10001258 | D113: 41D-M4B004B | E113: POR 200x200, D-M4B004B, AA | F113: D-M4B004B | G113: MỜ | I113: Sale | J113: 321000 | K113: 256800 | L113: 266430 | M113: 218300 | N113: 227900 | O113: 0.2 | P113: 0.17 | Q113: 📦 Xả kho (CT2 – TB 173) | R113: 207385 | S113: 227900 | T113: 0.35394081 | U113: =IFERROR(_xlfn.XLOOKUP($C113,'Thông tin về sản phẩm'!$A$2:$A$6228,'Thông tin về sản phẩm'!$F$2:$F$6228),"") -> GẠCH, POR 200x200, D-M4B004B, Loại AA (L1) | V113: =IFERROR(_xlfn.XLOOKUP($C113,'Thông tin về sản phẩm'!$A$2:$A$6228,'Thông tin về sản phẩm'!$S$2:$S$6228),"") -> TRANG_TRÍ | W113: =IFERROR(_xlfn.XLOOKUP($C113,'Thông tin về sản phẩm'!$A$2:$A$6228,'Thông tin về sản phẩm'!$Y$2:$Y$6228),"") -> KEM | X113: =IFERROR(_xlfn.XLOOKUP($C113,'Thông tin về sản phẩm'!$A$2:$A$6228,'Thông tin về sản phẩm'!$AA$2:$AA$6228),"") -> ĐẶC_THÙ | Y113: =IFERROR(_xlfn.XLOOKUP($C113,'Thông tin về sản phẩm'!$A$2:$A$6228,'Thông tin về sản phẩm'!$AC$2:$AC$6228),"") -> PASTEL | Z113: =IFERROR(_xlfn.XLOOKUP($C113,'Thông tin về sản phẩm'!$A$2:$A$6228,'Thông tin về sản phẩm'!$AD$2:$AD$6228),"") -> 0.78 | AA113: =IFERROR(_xlfn.XLOOKUP($C113,'Thông tin về sản phẩm'!$A$2:$A$6228,'Thông tin về sản phẩm'!$I$2:$I$6228),"") -> VIE | AB113: =IFERROR(_xlfn.XLOOKUP($C113,'Thông tin về sản phẩm'!$A$2:$A$6228,'Thông tin về sản phẩm'!$AI$2:$AI$6228),"") -> 200 | AC113: =IFERROR(_xlfn.XLOOKUP($C113,'Thông tin về sản phẩm'!$A$2:$A$6228,'Thông tin về sản phẩm'!$AJ$2:$AJ$6228),"") -> 200 | AD113: =IFERROR(_xlfn.XLOOKUP($C113,'Thông tin về sản phẩm'!$A$2:$A$6228,'Thông tin về sản phẩm'!$AK$2:$AK$6228),"") -> 8.5 | AE113: =IFERROR(_xlfn.XLOOKUP($C113,'Thông tin về sản phẩm'!$A$2:$A$6228,'Thông tin về sản phẩm'!$AL$2:$AL$6228),"") -> MM | AF113: =IFERROR(_xlfn.XLOOKUP($C113,'Thông tin về sản phẩm'!$A$2:$A$6228,'Thông tin về sản phẩm'!$AM$2:$AM$6228),"") -> NSX | AG113: =IFERROR(_xlfn.XLOOKUP($C113,'Thông tin về sản phẩm'!$A$2:$A$6228,'Thông tin về sản phẩm'!$AY$2:$AY$6228),"") -> Gạch POR Trang_Trí | AH113: =IFERROR(_xlfn.XLOOKUP($C113,'Thông tin về sản phẩm'!$A$2:$A$6228,'Thông tin về sản phẩm'!$AZ$2:$AZ$6228),"") -> 5. Cơ bản
A114: PORCELAIN | B114: 200x200 | C114: 10000974 | D114: 41D-M4B002 | E114: POR 200x200, D-M4B002, AA | F114: D-M4B002 | G114: MỜ | I114: Sale | J114: 321000 | K114: 256800 | L114: 266430 | M114: 218300 | N114: 227900 | O114: 0.2 | P114: 0.17 | Q114: 📦 Xả kho (CT2 – TB 173) | R114: 207385 | S114: 227900 | T114: 0.35394081 | U114: =IFERROR(_xlfn.XLOOKUP($C114,'Thông tin về sản phẩm'!$A$2:$A$6228,'Thông tin về sản phẩm'!$F$2:$F$6228),"") -> GẠCH, POR 200x200, D-M4B002, Loại AA (L1) | V114: =IFERROR(_xlfn.XLOOKUP($C114,'Thông tin về sản phẩm'!$A$2:$A$6228,'Thông tin về sản phẩm'!$S$2:$S$6228),"") -> TRANG_TRÍ | W114: =IFERROR(_xlfn.XLOOKUP($C114,'Thông tin về sản phẩm'!$A$2:$A$6228,'Thông tin về sản phẩm'!$Y$2:$Y$6228),"") -> KEM | X114: =IFERROR(_xlfn.XLOOKUP($C114,'Thông tin về sản phẩm'!$A$2:$A$6228,'Thông tin về sản phẩm'!$AA$2:$AA$6228),"") -> ĐẶC_THÙ | Y114: =IFERROR(_xlfn.XLOOKUP($C114,'Thông tin về sản phẩm'!$A$2:$A$6228,'Thông tin về sản phẩm'!$AC$2:$AC$6228),"") -> PASTEL | Z114: =IFERROR(_xlfn.XLOOKUP($C114,'Thông tin về sản phẩm'!$A$2:$A$6228,'Thông tin về sản phẩm'!$AD$2:$AD$6228),"") -> 0.78 | AA114: =IFERROR(_xlfn.XLOOKUP($C114,'Thông tin về sản phẩm'!$A$2:$A$6228,'Thông tin về sản phẩm'!$I$2:$I$6228),"") -> VIE | AB114: =IFERROR(_xlfn.XLOOKUP($C114,'Thông tin về sản phẩm'!$A$2:$A$6228,'Thông tin về sản phẩm'!$AI$2:$AI$6228),"") -> 200 | AC114: =IFERROR(_xlfn.XLOOKUP($C114,'Thông tin về sản phẩm'!$A$2:$A$6228,'Thông tin về sản phẩm'!$AJ$2:$AJ$6228),"") -> 200 | AD114: =IFERROR(_xlfn.XLOOKUP($C114,'Thông tin về sản phẩm'!$A$2:$A$6228,'Thông tin về sản phẩm'!$AK$2:$AK$6228),"") -> 8.5 | AE114: =IFERROR(_xlfn.XLOOKUP($C114,'Thông tin về sản phẩm'!$A$2:$A$6228,'Thông tin về sản phẩm'!$AL$2:$AL$6228),"") -> MM | AF114: =IFERROR(_xlfn.XLOOKUP($C114,'Thông tin về sản phẩm'!$A$2:$A$6228,'Thông tin về sản phẩm'!$AM$2:$AM$6228),"") -> NSX | AG114: =IFERROR(_xlfn.XLOOKUP($C114,'Thông tin về sản phẩm'!$A$2:$A$6228,'Thông tin về sản phẩm'!$AY$2:$AY$6228),"") -> Gạch POR Trang_Trí | AH114: =IFERROR(_xlfn.XLOOKUP($C114,'Thông tin về sản phẩm'!$A$2:$A$6228,'Thông tin về sản phẩm'!$AZ$2:$AZ$6228),"") -> 5. Cơ bản
A115: PORCELAIN | B115: 200x200 | C115: 10000936 | D115: 41D-M4B005A | E115: POR 200x200, D-M4B005A, AA | F115: D-M4B005A | G115: MỜ | I115: Sale | J115: 321000 | K115: 256800 | L115: 266430 | M115: 218300 | N115: 227900 | O115: 0.2 | P115: 0.17 | Q115: 📦 Xả kho (CT2 – TB 173) | R115: 207385 | S115: 227900 | T115: 0.35394081 | U115: =IFERROR(_xlfn.XLOOKUP($C115,'Thông tin về sản phẩm'!$A$2:$A$6228,'Thông tin về sản phẩm'!$F$2:$F$6228),"") -> GẠCH, POR 200x200, D-M4B005A, Loại AA (L1) | V115: =IFERROR(_xlfn.XLOOKUP($C115,'Thông tin về sản phẩm'!$A$2:$A$6228,'Thông tin về sản phẩm'!$S$2:$S$6228),"") -> TRANG_TRÍ | W115: =IFERROR(_xlfn.XLOOKUP($C115,'Thông tin về sản phẩm'!$A$2:$A$6228,'Thông tin về sản phẩm'!$Y$2:$Y$6228),"") -> KEM | X115: =IFERROR(_xlfn.XLOOKUP($C115,'Thông tin về sản phẩm'!$A$2:$A$6228,'Thông tin về sản phẩm'!$AA$2:$AA$6228),"") -> ĐẶC_THÙ | Y115: =IFERROR(_xlfn.XLOOKUP($C115,'Thông tin về sản phẩm'!$A$2:$A$6228,'Thông tin về sản phẩm'!$AC$2:$AC$6228),"") -> PASTEL | Z115: =IFERROR(_xlfn.XLOOKUP($C115,'Thông tin về sản phẩm'!$A$2:$A$6228,'Thông tin về sản phẩm'!$AD$2:$AD$6228),"") -> 0.78 | AA115: =IFERROR(_xlfn.XLOOKUP($C115,'Thông tin về sản phẩm'!$A$2:$A$6228,'Thông tin về sản phẩm'!$I$2:$I$6228),"") -> VIE | AB115: =IFERROR(_xlfn.XLOOKUP($C115,'Thông tin về sản phẩm'!$A$2:$A$6228,'Thông tin về sản phẩm'!$AI$2:$AI$6228),"") -> 200 | AC115: =IFERROR(_xlfn.XLOOKUP($C115,'Thông tin về sản phẩm'!$A$2:$A$6228,'Thông tin về sản phẩm'!$AJ$2:$AJ$6228),"") -> 200 | AD115: =IFERROR(_xlfn.XLOOKUP($C115,'Thông tin về sản phẩm'!$A$2:$A$6228,'Thông tin về sản phẩm'!$AK$2:$AK$6228),"") -> 8.5 | AE115: =IFERROR(_xlfn.XLOOKUP($C115,'Thông tin về sản phẩm'!$A$2:$A$6228,'Thông tin về sản phẩm'!$AL$2:$AL$6228),"") -> MM | AF115: =IFERROR(_xlfn.XLOOKUP($C115,'Thông tin về sản phẩm'!$A$2:$A$6228,'Thông tin về sản phẩm'!$AM$2:$AM$6228),"") -> NSX | AG115: =IFERROR(_xlfn.XLOOKUP($C115,'Thông tin về sản phẩm'!$A$2:$A$6228,'Thông tin về sản phẩm'!$AY$2:$AY$6228),"") -> Gạch POR Trang_Trí | AH115: =IFERROR(_xlfn.XLOOKUP($C115,'Thông tin về sản phẩm'!$A$2:$A$6228,'Thông tin về sản phẩm'!$AZ$2:$AZ$6228),"") -> 5. Cơ bản
A116: PORCELAIN | B116: 200x200 | C116: 10000935 | D116: 41D-M4B004D | E116: POR 200x200, D-M4B004D, AA | F116: D-M4B004D | G116: MỜ | I116: ĐL | J116: 321000 | K116: 256800 | L116: 266430 | M116: 218300 | N116: 227900 | O116: 0.2 | P116: 0.17 | R116: 207385 | S116: 227900 | T116: 0.35394081 | U116: =IFERROR(_xlfn.XLOOKUP($C116,'Thông tin về sản phẩm'!$A$2:$A$6228,'Thông tin về sản phẩm'!$F$2:$F$6228),"") -> GẠCH, POR 200x200, D-M4B004D, Loại AA (L1) | V116: =IFERROR(_xlfn.XLOOKUP($C116,'Thông tin về sản phẩm'!$A$2:$A$6228,'Thông tin về sản phẩm'!$S$2:$S$6228),"") -> TRANG_TRÍ | W116: =IFERROR(_xlfn.XLOOKUP($C116,'Thông tin về sản phẩm'!$A$2:$A$6228,'Thông tin về sản phẩm'!$Y$2:$Y$6228),"") -> KEM | X116: =IFERROR(_xlfn.XLOOKUP($C116,'Thông tin về sản phẩm'!$A$2:$A$6228,'Thông tin về sản phẩm'!$AA$2:$AA$6228),"") -> ĐẶC_THÙ | Y116: =IFERROR(_xlfn.XLOOKUP($C116,'Thông tin về sản phẩm'!$A$2:$A$6228,'Thông tin về sản phẩm'!$AC$2:$AC$6228),"") -> PASTEL | Z116: =IFERROR(_xlfn.XLOOKUP($C116,'Thông tin về sản phẩm'!$A$2:$A$6228,'Thông tin về sản phẩm'!$AD$2:$AD$6228),"") -> 0.78 | AA116: =IFERROR(_xlfn.XLOOKUP($C116,'Thông tin về sản phẩm'!$A$2:$A$6228,'Thông tin về sản phẩm'!$I$2:$I$6228),"") -> VIE | AB116: =IFERROR(_xlfn.XLOOKUP($C116,'Thông tin về sản phẩm'!$A$2:$A$6228,'Thông tin về sản phẩm'!$AI$2:$AI$6228),"") -> 200 | AC116: =IFERROR(_xlfn.XLOOKUP($C116,'Thông tin về sản phẩm'!$A$2:$A$6228,'Thông tin về sản phẩm'!$AJ$2:$AJ$6228),"") -> 200 | AD116: =IFERROR(_xlfn.XLOOKUP($C116,'Thông tin về sản phẩm'!$A$2:$A$6228,'Thông tin về sản phẩm'!$AK$2:$AK$6228),"") -> 8.5 | AE116: =IFERROR(_xlfn.XLOOKUP($C116,'Thông tin về sản phẩm'!$A$2:$A$6228,'Thông tin về sản phẩm'!$AL$2:$AL$6228),"") -> MM | AF116: =IFERROR(_xlfn.XLOOKUP($C116,'Thông tin về sản phẩm'!$A$2:$A$6228,'Thông tin về sản phẩm'!$AM$2:$AM$6228),"") -> NSX | AG116: =IFERROR(_xlfn.XLOOKUP($C116,'Thông tin về sản phẩm'!$A$2:$A$6228,'Thông tin về sản phẩm'!$AY$2:$AY$6228),"") -> Gạch POR Trang_Trí | AH116: =IFERROR(_xlfn.XLOOKUP($C116,'Thông tin về sản phẩm'!$A$2:$A$6228,'Thông tin về sản phẩm'!$AZ$2:$AZ$6228),"") -> 5. Cơ bản
A117: PORCELAIN | B117: 200x200 | C117: 10001030 | D117: 41D-M4B003 | E117: POR 200x200, D-M4B003, AA | F117: D-M4B003 | G117: MỜ | I117: Sale | J117: 321000 | K117: 256800 | L117: 266430 | M117: 218300 | N117: 227900 | O117: 0.2 | P117: 0.17 | Q117: 📦 Xả kho (CT2 – TB 173) | R117: 207385 | S117: 227900 | T117: 0.35394081 | U117: =IFERROR(_xlfn.XLOOKUP($C117,'Thông tin về sản phẩm'!$A$2:$A$6228,'Thông tin về sản phẩm'!$F$2:$F$6228),"") -> GẠCH, POR 200x200, D-M4B003, Loại AA (L1) | V117: =IFERROR(_xlfn.XLOOKUP($C117,'Thông tin về sản phẩm'!$A$2:$A$6228,'Thông tin về sản phẩm'!$S$2:$S$6228),"") -> TRANG_TRÍ | W117: =IFERROR(_xlfn.XLOOKUP($C117,'Thông tin về sản phẩm'!$A$2:$A$6228,'Thông tin về sản phẩm'!$Y$2:$Y$6228),"") -> KEM | X117: =IFERROR(_xlfn.XLOOKUP($C117,'Thông tin về sản phẩm'!$A$2:$A$6228,'Thông tin về sản phẩm'!$AA$2:$AA$6228),"") -> ĐẶC_THÙ | Y117: =IFERROR(_xlfn.XLOOKUP($C117,'Thông tin về sản phẩm'!$A$2:$A$6228,'Thông tin về sản phẩm'!$AC$2:$AC$6228),"") -> PASTEL | Z117: =IFERROR(_xlfn.XLOOKUP($C117,'Thông tin về sản phẩm'!$A$2:$A$6228,'Thông tin về sản phẩm'!$AD$2:$AD$6228),"") -> 0.78 | AA117: =IFERROR(_xlfn.XLOOKUP($C117,'Thông tin về sản phẩm'!$A$2:$A$6228,'Thông tin về sản phẩm'!$I$2:$I$6228),"") -> VIE | AB117: =IFERROR(_xlfn.XLOOKUP($C117,'Thông tin về sản phẩm'!$A$2:$A$6228,'Thông tin về sản phẩm'!$AI$2:$AI$6228),"") -> 200 | AC117: =IFERROR(_xlfn.XLOOKUP($C117,'Thông tin về sản phẩm'!$A$2:$A$6228,'Thông tin về sản phẩm'!$AJ$2:$AJ$6228),"") -> 200 | AD117: =IFERROR(_xlfn.XLOOKUP($C117,'Thông tin về sản phẩm'!$A$2:$A$6228,'Thông tin về sản phẩm'!$AK$2:$AK$6228),"") -> 8.5 | AE117: =IFERROR(_xlfn.XLOOKUP($C117,'Thông tin về sản phẩm'!$A$2:$A$6228,'Thông tin về sản phẩm'!$AL$2:$AL$6228),"") -> MM | AF117: =IFERROR(_xlfn.XLOOKUP($C117,'Thông tin về sản phẩm'!$A$2:$A$6228,'Thông tin về sản phẩm'!$AM$2:$AM$6228),"") -> BM | AG117: =IFERROR(_xlfn.XLOOKUP($C117,'Thông tin về sản phẩm'!$A$2:$A$6228,'Thông tin về sản phẩm'!$AY$2:$AY$6228),"") -> Gạch POR Trang_Trí | AH117: =IFERROR(_xlfn.XLOOKUP($C117,'Thông tin về sản phẩm'!$A$2:$A$6228,'Thông tin về sản phẩm'!$AZ$2:$AZ$6228),"") -> 5. Cơ bản
